github_id,portfolio,github_value_fcfa,official_group_candidate,official_sections_candidate,official_cp_single_section_fcfa,difference_fcfa,lfi_page,annex4_same_number_seen,classification,decision,notes
gov-001,PRIMATURE,73426766299,DOTATIONS,108,71326766299.0,2100000000.0,45,NOT_APPLICABLE_OR_NOT_CHECKED,NUMERIC_MISMATCH_SCOPE_PENDING,NO_AMOUNT_CHANGE: investigate app budget basis and identify the section source for this portfolio,
gov-002,MINISTÈRE DE LA DÉFENSE,481041827995,PROGRAMMES,226,481041827995.0,0.0,46,YES,NUMERIC_MATCH_PENDING_PROVENANCE,KEEP_VALUE: validate app route and PDF identifiers,
gov-003,"MINISTÈRE D'ÉTAT, MINISTÈRE DE LA FONCTION PUBLIQUE",45121940916,PROGRAMMES,237,45121940916.0,0.0,47,YES,NUMERIC_MATCH_PENDING_PROVENANCE,KEEP_VALUE: validate app route and PDF identifiers,
gov-004,"MINISTÈRE D'ÉTAT, MINISTÈRE DES AFFAIRES ÉTRANGÈRES",146728395147,PROGRAMMES,321,146728395147.0,0.0,47,YES,NUMERIC_MATCH_PENDING_PROVENANCE,KEEP_VALUE: validate app route and PDF identifiers,
gov-005,MINISTÈRE DE LA JUSTICE ET DES DROITS DE L'HOMME,129151307791,PROGRAMMES,325,129151307791.0,0.0,48,YES,NUMERIC_MATCH_PENDING_PROVENANCE,NO_AMOUNT_CHANGE: investigate app budget basis and identify the section source for this portfolio,
gov-006,MINISTÈRE DE L'INTÉRIEUR ET DE LA SÉCURITÉ,947962959206,PROGRAMMES,323,945963329452.0,1999629754.0,48,YES,NUMERIC_MISMATCH_SCOPE_PENDING,NO_AMOUNT_CHANGE: investigate app budget basis and identify the section source for this portfolio,
gov-007,"MINISTÈRE DE L'ÉCONOMIE, DES FINANCES ET DU BUDGET",2038854932647,PROGRAMMES+PROGRAMMES,322+328,,,47+48,NOT_APPLICABLE_OR_NOT_CHECKED,COMPOSITE_SCOPE,NO_AMOUNT_CHANGE: resolve section-to-portfolio allocation before comparison,LFI section 322 appears in PROGRAMMES and DOTATIONS; cannot collapse
gov-008,"MINISTÈRE DES MINES, DU PÉTROLE ET DE L'ÉNERGIE",706060209015,PROGRAMMES,348,706060209015.0,0.0,51,YES,NUMERIC_MATCH_PENDING_PROVENANCE,KEEP_VALUE: validate app route and PDF identifiers,Pilot mmpe.json contains 10 program amounts; compare actual route separately
gov-009,"MINISTÈRE DE L'AGRICULTURE, DU DÉVELOPPEMENT RURAL ET DES PRODUCTIONS VIVRIÈRES",337932332542,PROGRAMMES,229,333878089526.0,4054243016.0,47,YES,NUMERIC_MISMATCH_SCOPE_PENDING,NO_AMOUNT_CHANGE: investigate app budget basis and identify the section source for this portfolio,Agriculture gov-009 and delegated gov-035 share exactly 337932332542 FCFA
gov-010,MINISTÈRE DES TRANSPORTS ET DES AFFAIRES MARITIMES,307769615082,PROGRAMMES+PROGRAMMES,340+440,,,50+54,NOT_APPLICABLE_OR_NOT_CHECKED,COMPOSITE_SCOPE,"KEEP_CURRENT_VALUE_FOR_SECTION_340_ONLY; separate maritime delegate section 440, avoid aggregation",
gov-011,"MINISTÈRE DE L'HYDRAULIQUE, DE L'ASSAINISSEMENT ET DE LA SALUBRITÉ",504985369765,PROGRAMMES,366,502893150963.0,2092218802.0,53,YES,NUMERIC_MISMATCH_SCOPE_PENDING,NO_AMOUNT_CHANGE: investigate app budget basis and identify the section source for this portfolio,
gov-012,"MINISTÈRE DE LA PROMOTION DE LA JEUNESSE, DE L'INSERTION PROFESSIONNELLE ET DU SERVICE CIVIQUE",88949349037,PROGRAMMES,357,81484195624.0,7465153413.0,52,YES,NUMERIC_MISMATCH_SCOPE_PENDING,NO_AMOUNT_CHANGE: investigate app budget basis and identify the section source for this portfolio,
gov-013,"MINISTÈRE DE LA SANTÉ, DE L'HYGIÈNE PUBLIQUE ET DE LA COUVERTURE MALADIE UNIVERSELLE",817868452462,PROGRAMMES,335,808992158914.0,8876293548.0,49,YES,NUMERIC_MISMATCH_SCOPE_PENDING,NO_AMOUNT_CHANGE: investigate app budget basis and identify the section source for this portfolio,
gov-014,"MINISTÈRE DE L'URBANISME, DU LOGEMENT ET DU CADRE DE VIE",131771209724,PROGRAMMES,358,123247714398.0,8523495326.0,52,YES,NUMERIC_MISMATCH_SCOPE_PENDING,NO_AMOUNT_CHANGE: investigate app budget basis and identify the section source for this portfolio,
gov-015,MINISTÈRE DES RESSOURCES ANIMALES ET HALIEUTIQUES,26700912028,PROGRAMMES,351,26700912028.0,0.0,52,YES,NUMERIC_MATCH_PENDING_PROVENANCE,KEEP_VALUE: validate app route and PDF identifiers,
gov-016,MINISTÈRE DU PORTEFEUILLE DE L'ÉTAT ET DES ENTREPRISES PUBLIQUES,49213125398,PROGRAMMES,376,49213125398.0,0.0,53,YES,NUMERIC_MATCH_PENDING_PROVENANCE,KEEP_VALUE: validate app route and PDF identifiers,
gov-017,MINISTÈRE DE LA COMMUNICATION,39806735298,PROGRAMMES,336,39806735298.0,0.0,49,YES,NUMERIC_MATCH_PENDING_PROVENANCE,KEEP_VALUE: validate app route and PDF identifiers,
gov-018,MINISTÈRE DES EAUX ET FORÊTS,103197582643,PROGRAMMES,345,103197582643.0,0.0,50,YES,NUMERIC_MATCH_PENDING_PROVENANCE,NO_AMOUNT_CHANGE: investigate app budget basis and identify the section source for this portfolio,
gov-019,"MINISTÈRE DU COMMERCE, DE L'INDUSTRIE ET DE L'ARTISANAT",96866871722,PROGRAMMES,347,96866871722.0,0.0,51,YES,NUMERIC_MATCH_PENDING_PROVENANCE,KEEP_VALUE: validate app route and PDF identifiers,
gov-020,MINISTÈRE DU TOURISME ET DES LOISIRS,19207286052,PROGRAMMES,350,19207286052.0,0.0,51,YES,NUMERIC_MATCH_PENDING_PROVENANCE,KEEP_VALUE: validate app route and PDF identifiers,
gov-021,MINISTÈRE DU PLAN ET DU DÉVELOPPEMENT,44194260102,PROGRAMMES,328,44194260102.0,0.0,48,YES,NUMERIC_MATCH_PENDING_PROVENANCE,KEEP_VALUE: validate app route and PDF identifiers,
gov-022,MINISTÈRE DE L'ENSEIGNEMENT SUPÉRIEUR ET DE LA RECHERCHE SCIENTIFIQUE,344706305890,PROGRAMMES,333,338779408246.0,5926897644.0,49,YES,NUMERIC_MISMATCH_SCOPE_PENDING,NO_AMOUNT_CHANGE: investigate app budget basis and identify the section source for this portfolio,
gov-023,"MINISTÈRE DE L'EMPLOI, DE LA PROTECTION SOCIALE ET DE LA FORMATION PROFESSIONNELLE",91411414044,PROGRAMMES+PROGRAMMES,362+334,,,53+49,NOT_APPLICABLE_OR_NOT_CHECKED,COMPOSITE_SCOPE,"KEEP_CURRENT_VALUE_FOR_SECTION_362_ONLY; section 334 is separate, no implicit allocation",
gov-024,"MINISTÈRE DE L'ÉDUCATION NATIONALE, DE L'ALPHABÉTISATION ET DE L'ENSEIGNEMENT TECHNIQUE",1571000767175,PROGRAMMES+PROGRAMMES,331+334,,,49+49,NOT_APPLICABLE_OR_NOT_CHECKED,COMPOSITE_SCOPE,NO_AMOUNT_CHANGE: resolve section-to-portfolio allocation before comparison,
gov-025,MINISTÈRE DES INFRASTRUCTURES ET DE L'ENTRETIEN ROUTIER,734442904943,PROGRAMMES,330,734442904943.0,0.0,49,YES,NUMERIC_MATCH_PENDING_PROVENANCE,"PRIORITY: 239982 FCFA difference; trace old number provenance, then propose correction for section 330 only",
gov-026,"MINISTÈRE DE LA COHÉSION NATIONALE, DE LA SOLIDARITÉ ET DE LA LUTTE CONTRE LA PAUVRETÉ",57361750199,PROGRAMMES,369,57361750199.0,0.0,53,YES,NUMERIC_MATCH_PENDING_PROVENANCE,KEEP_VALUE: validate app route and PDF identifiers,
gov-027,MINISTÈRE DE LA TRANSITION NUMÉRIQUE ET DE L'INNOVATION TECHNOLOGIQUE,83275503595,PROGRAMMES,356,83275503595.0,0.0,52,YES,NUMERIC_MATCH_PENDING_PROVENANCE,KEEP_VALUE: validate app route and PDF identifiers,
gov-028,"MINISTÈRE DE LA FEMME, DE LA FAMILLE ET DE L'ENFANT",31263058865,PROGRAMMES,352,31263058865.0,0.0,52,YES,NUMERIC_MATCH_PENDING_PROVENANCE,KEEP_VALUE: validate app route and PDF identifiers,
gov-029,MINISTÈRE DE LA CULTURE ET DE LA FRANCOPHONIE,39771854976,PROGRAMMES,346,37598620420.0,2173234556.0,50,YES,NUMERIC_MISMATCH_SCOPE_PENDING,NO_AMOUNT_CHANGE: investigate app budget basis and identify the section source for this portfolio,
gov-030,MINISTÈRE DES SPORTS,70427777385,PROGRAMMES,444,70427777385.0,0.0,54,YES,NUMERIC_MATCH_PENDING_PROVENANCE,KEEP_VALUE: validate app route and PDF identifiers,
gov-031,MINISTÈRE DE L'ENVIRONNEMENT ET DE LA TRANSITION ÉCOLOGIQUE,36680067253,PROGRAMMES,343,36680067253.0,0.0,50,YES,NUMERIC_MATCH_PENDING_PROVENANCE,NO_AMOUNT_CHANGE: investigate app budget basis and identify the section source for this portfolio,
gov-032,MINISTÈRE DÉLÉGUÉ CHARGÉ DES AFFAIRES MARITIMES,13746365872,PROGRAMMES,440,13746365872.0,0.0,54,YES,NUMERIC_MATCH_PENDING_PROVENANCE,NO_AMOUNT_CHANGE: investigate app budget basis and identify the section source for this portfolio,
gov-033,MINISTÈRE DÉLÉGUÉ CHARGÉ DE L'INTÉGRATION AFRICAINE,5122516889,PROGRAMMES,439,5122516889.0,0.0,53,YES,NUMERIC_MATCH_PENDING_PROVENANCE,KEEP_VALUE: validate app route and PDF identifiers,
gov-034,MINISTÈRE DÉLÉGUÉ CHARGÉ DE L'ENSEIGNEMENT TECHNIQUE,182301855312,PROGRAMMES,334,182301855312.0,0.0,49,YES,NUMERIC_MATCH_PENDING_PROVENANCE,NO_AMOUNT_CHANGE: investigate app budget basis and identify the section source for this portfolio,
gov-035,MINISTÈRE DÉLÉGUÉ CHARGÉ DES PRODUCTIONS VIVRIÈRES,337932332542,,,,,,NOT_APPLICABLE_OR_NOT_CHECKED,NO_AUTONOMOUS_SECTION,NO_AMOUNT_CHANGE: map role versus section and flag duplicated Agriculture budget,Agriculture gov-009 and delegated gov-035 share exactly 337932332542 FCFA
