"type_entite";"identifiant";"nom";"exercice";"nature_montant";"montant_fcfa";"unite";"statut";"code_section";"code_programme";"page_pdf";"source_type";"source_url";"addition_autorisee";"commentaire"
"MINISTERE";"gov-001";"PRIMATURE";"2026";"CP_SECTION_LFI_INITIALE";"71326766299";"FCFA";"SECTION_VERIFIEE_PORTFEUILLE_NON_CERTIFIE";"108";"";"12";"LFI_2026_OFFICIELLE";"https://www.dgbf.ci/wp-content/uploads/2025/12/Loi-de-Finances-2026.pdf";"OUI_SECTION_UNIQUE";"Credits de la section; la repartition au portefeuille gouvernemental actuel n'est pas etablie."
"MINISTERE";"gov-002";"MINISTÈRE DE LA DÉFENSE";"2026";"CP_SECTION_LFI_INITIALE";"481041827995";"FCFA";"SECTION_VERIFIEE_PORTFEUILLE_NON_CERTIFIE";"226";"";"14";"LFI_2026_OFFICIELLE";"https://www.dgbf.ci/wp-content/uploads/2025/12/Loi-de-Finances-2026.pdf";"OUI_SECTION_UNIQUE";"Credits de la section; la repartition au portefeuille gouvernemental actuel n'est pas etablie."
"MINISTERE";"gov-003";"MINISTÈRE D'ÉTAT, MINISTÈRE DE LA FONCTION PUBLIQUE";"2026";"CP_SECTION_LFI_INITIALE";"45121940916";"FCFA";"SECTION_VERIFIEE_PORTFEUILLE_NON_CERTIFIE";"237";"";"15";"LFI_2026_OFFICIELLE";"https://www.dgbf.ci/wp-content/uploads/2025/12/Loi-de-Finances-2026.pdf";"OUI_SECTION_UNIQUE";"Credits de la section; la repartition au portefeuille gouvernemental actuel n'est pas etablie."
"MINISTERE";"gov-004";"MINISTÈRE D'ÉTAT, MINISTÈRE DES AFFAIRES ÉTRANGÈRES";"2026";"CP_SECTION_LFI_INITIALE";"146728395147";"FCFA";"SECTION_VERIFIEE_PORTFEUILLE_NON_CERTIFIE";"321";"";"14";"LFI_2026_OFFICIELLE";"https://www.dgbf.ci/wp-content/uploads/2025/12/Loi-de-Finances-2026.pdf";"OUI_SECTION_UNIQUE";"Credits de la section; la repartition au portefeuille gouvernemental actuel n'est pas etablie."
"MINISTERE";"gov-005";"MINISTÈRE DE LA JUSTICE ET DES DROITS DE L'HOMME";"2026";"CP_SECTION_LFI_INITIALE";"129151307791";"FCFA";"SECTION_VERIFIEE_PORTFEUILLE_NON_CERTIFIE";"325";"";"14";"LFI_2026_OFFICIELLE";"https://www.dgbf.ci/wp-content/uploads/2025/12/Loi-de-Finances-2026.pdf";"OUI_SECTION_UNIQUE";"Credits de la section; la repartition au portefeuille gouvernemental actuel n'est pas etablie."
"MINISTERE";"gov-006";"MINISTÈRE DE L'INTÉRIEUR ET DE LA SÉCURITÉ";"2026";"CP_SECTION_LFI_INITIALE";"945963329452";"FCFA";"SECTION_VERIFIEE_PORTFEUILLE_NON_CERTIFIE";"323";"";"14";"LFI_2026_OFFICIELLE";"https://www.dgbf.ci/wp-content/uploads/2025/12/Loi-de-Finances-2026.pdf";"OUI_SECTION_UNIQUE";"Credits de la section; la repartition au portefeuille gouvernemental actuel n'est pas etablie."
"MINISTERE";"gov-007";"MINISTÈRE DE L'ÉCONOMIE, DES FINANCES ET DU BUDGET";"2026";"CP_SECTION_LFI_INITIALE";"671323963425";"FCFA";"SECTION_VERIFIEE_PORTFEUILLE_NON_CERTIFIE";"322";"";"15";"LFI_2026_OFFICIELLE";"https://www.dgbf.ci/wp-content/uploads/2025/12/Loi-de-Finances-2026.pdf";"OUI_SECTION_UNIQUE";"Credits de la section; la repartition au portefeuille gouvernemental actuel n'est pas etablie."
"MINISTERE";"gov-008";"MINISTÈRE DES MINES, DU PÉTROLE ET DE L'ÉNERGIE";"2026";"CP_SECTION_LFI_INITIALE";"706060209015";"FCFA";"SECTION_VERIFIEE_PORTFEUILLE_NON_CERTIFIE";"348";"";"18";"LFI_2026_OFFICIELLE";"https://www.dgbf.ci/wp-content/uploads/2025/12/Loi-de-Finances-2026.pdf";"OUI_SECTION_UNIQUE";"Credits de la section; la repartition au portefeuille gouvernemental actuel n'est pas etablie."
"MINISTERE";"gov-009";"MINISTÈRE DE L'AGRICULTURE, DU DÉVELOPPEMENT RURAL ET DES PRODUCTIONS VIVRIÈRES";"2026";"CP_SECTION_LFI_INITIALE";"333878089526";"FCFA";"SECTION_VERIFIEE_PORTFEUILLE_NON_CERTIFIE";"229";"";"19";"LFI_2026_OFFICIELLE";"https://www.dgbf.ci/wp-content/uploads/2025/12/Loi-de-Finances-2026.pdf";"OUI_SECTION_UNIQUE";"Section partagee entre portefeuilles, un seul montant pour l'Etat."
"MINISTERE";"gov-010";"MINISTÈRE DES TRANSPORTS ET DES AFFAIRES MARITIMES";"2026";"CP_SECTION_LFI_INITIALE";"307769615082";"FCFA";"SECTION_VERIFIEE_PORTFEUILLE_NON_CERTIFIE";"340";"";"18";"LFI_2026_OFFICIELLE";"https://www.dgbf.ci/wp-content/uploads/2025/12/Loi-de-Finances-2026.pdf";"OUI_SECTION_UNIQUE";"Credits de la section; la repartition au portefeuille gouvernemental actuel n'est pas etablie."
"MINISTERE";"gov-011";"MINISTÈRE DE L'HYDRAULIQUE, DE L'ASSAINISSEMENT ET DE LA SALUBRITÉ";"2026";"CP_SECTION_LFI_INITIALE";"502893150963";"FCFA";"SECTION_VERIFIEE_PORTFEUILLE_NON_CERTIFIE";"366";"";"20";"LFI_2026_OFFICIELLE";"https://www.dgbf.ci/wp-content/uploads/2025/12/Loi-de-Finances-2026.pdf";"OUI_SECTION_UNIQUE";"Credits de la section; la repartition au portefeuille gouvernemental actuel n'est pas etablie."
"MINISTERE";"gov-012";"MINISTÈRE DE LA PROMOTION DE LA JEUNESSE, DE L'INSERTION PROFESSIONNELLE ET DU SERVICE CIVIQUE";"2026";"CP_SECTION_LFI_INITIALE";"81484195624";"FCFA";"SECTION_VERIFIEE_PORTFEUILLE_NON_CERTIFIE";"357";"";"17";"LFI_2026_OFFICIELLE";"https://www.dgbf.ci/wp-content/uploads/2025/12/Loi-de-Finances-2026.pdf";"OUI_SECTION_UNIQUE";"Credits de la section; la repartition au portefeuille gouvernemental actuel n'est pas etablie."
"MINISTERE";"gov-013";"MINISTÈRE DE LA SANTÉ, DE L'HYGIÈNE PUBLIQUE ET DE LA COUVERTURE MALADIE UNIVERSELLE";"2026";"CP_SECTION_LFI_INITIALE";"808992158914";"FCFA";"SECTION_VERIFIEE_PORTFEUILLE_NON_CERTIFIE";"335";"";"16";"LFI_2026_OFFICIELLE";"https://www.dgbf.ci/wp-content/uploads/2025/12/Loi-de-Finances-2026.pdf";"OUI_SECTION_UNIQUE";"Credits de la section; la repartition au portefeuille gouvernemental actuel n'est pas etablie."
"MINISTERE";"gov-014";"MINISTÈRE DE L'URBANISME, DU LOGEMENT ET DU CADRE DE VIE";"2026";"CP_SECTION_LFI_INITIALE";"123247714398";"FCFA";"SECTION_VERIFIEE_PORTFEUILLE_NON_CERTIFIE";"358";"";"18";"LFI_2026_OFFICIELLE";"https://www.dgbf.ci/wp-content/uploads/2025/12/Loi-de-Finances-2026.pdf";"OUI_SECTION_UNIQUE";"Credits de la section; la repartition au portefeuille gouvernemental actuel n'est pas etablie."
"MINISTERE";"gov-015";"MINISTÈRE DES RESSOURCES ANIMALES ET HALIEUTIQUES";"2026";"CP_SECTION_LFI_INITIALE";"26700912028";"FCFA";"SECTION_VERIFIEE_PORTFEUILLE_NON_CERTIFIE";"351";"";"19";"LFI_2026_OFFICIELLE";"https://www.dgbf.ci/wp-content/uploads/2025/12/Loi-de-Finances-2026.pdf";"OUI_SECTION_UNIQUE";"Credits de la section; la repartition au portefeuille gouvernemental actuel n'est pas etablie."
"MINISTERE";"gov-016";"MINISTÈRE DU PORTEFEUILLE DE L'ÉTAT ET DES ENTREPRISES PUBLIQUES";"2026";"CP_SECTION_LFI_INITIALE";"49213125398";"FCFA";"SECTION_VERIFIEE_PORTFEUILLE_NON_CERTIFIE";"376";"";"15";"LFI_2026_OFFICIELLE";"https://www.dgbf.ci/wp-content/uploads/2025/12/Loi-de-Finances-2026.pdf";"OUI_SECTION_UNIQUE";"Credits de la section; la repartition au portefeuille gouvernemental actuel n'est pas etablie."
"MINISTERE";"gov-017";"MINISTÈRE DE LA COMMUNICATION";"2026";"CP_SECTION_LFI_INITIALE";"39806735298";"FCFA";"SECTION_VERIFIEE_PORTFEUILLE_NON_CERTIFIE";"336";"";"17";"LFI_2026_OFFICIELLE";"https://www.dgbf.ci/wp-content/uploads/2025/12/Loi-de-Finances-2026.pdf";"OUI_SECTION_UNIQUE";"Credits de la section; la repartition au portefeuille gouvernemental actuel n'est pas etablie."
"MINISTERE";"gov-018";"MINISTÈRE DES EAUX ET FORÊTS";"2026";"CP_SECTION_LFI_INITIALE";"103197582643";"FCFA";"SECTION_VERIFIEE_PORTFEUILLE_NON_CERTIFIE";"345";"";"19";"LFI_2026_OFFICIELLE";"https://www.dgbf.ci/wp-content/uploads/2025/12/Loi-de-Finances-2026.pdf";"OUI_SECTION_UNIQUE";"Credits de la section; la repartition au portefeuille gouvernemental actuel n'est pas etablie."
"MINISTERE";"gov-019";"MINISTÈRE DU COMMERCE, DE L'INDUSTRIE ET DE L'ARTISANAT";"2026";"CP_SECTION_LFI_INITIALE";"96866871722";"FCFA";"SECTION_VERIFIEE_PORTFEUILLE_NON_CERTIFIE";"347";"";"19";"LFI_2026_OFFICIELLE";"https://www.dgbf.ci/wp-content/uploads/2025/12/Loi-de-Finances-2026.pdf";"OUI_SECTION_UNIQUE";"Credits de la section; la repartition au portefeuille gouvernemental actuel n'est pas etablie."
"MINISTERE";"gov-020";"MINISTÈRE DU TOURISME ET DES LOISIRS";"2026";"CP_SECTION_LFI_INITIALE";"19207286052";"FCFA";"SECTION_VERIFIEE_PORTFEUILLE_NON_CERTIFIE";"350";"";"17";"LFI_2026_OFFICIELLE";"https://www.dgbf.ci/wp-content/uploads/2025/12/Loi-de-Finances-2026.pdf";"OUI_SECTION_UNIQUE";"Credits de la section; la repartition au portefeuille gouvernemental actuel n'est pas etablie."
"MINISTERE";"gov-021";"MINISTÈRE DU PLAN ET DU DÉVELOPPEMENT";"2026";"CP_SECTION_LFI_INITIALE";"44194260102";"FCFA";"SECTION_VERIFIEE_PORTFEUILLE_NON_CERTIFIE";"328";"";"15";"LFI_2026_OFFICIELLE";"https://www.dgbf.ci/wp-content/uploads/2025/12/Loi-de-Finances-2026.pdf";"OUI_SECTION_UNIQUE";"Credits de la section; la repartition au portefeuille gouvernemental actuel n'est pas etablie."
"MINISTERE";"gov-022";"MINISTÈRE DE L'ENSEIGNEMENT SUPÉRIEUR ET DE LA RECHERCHE SCIENTIFIQUE";"2026";"CP_SECTION_LFI_INITIALE";"338779408246";"FCFA";"SECTION_VERIFIEE_PORTFEUILLE_NON_CERTIFIE";"333";"";"16";"LFI_2026_OFFICIELLE";"https://www.dgbf.ci/wp-content/uploads/2025/12/Loi-de-Finances-2026.pdf";"OUI_SECTION_UNIQUE";"Credits de la section; la repartition au portefeuille gouvernemental actuel n'est pas etablie."
"MINISTERE";"gov-023";"MINISTÈRE DE L'EMPLOI, DE LA PROTECTION SOCIALE ET DE LA FORMATION PROFESSIONNELLE";"2026";"CP_SECTION_LFI_INITIALE";"91411414044";"FCFA";"SECTION_VERIFIEE_PORTFEUILLE_NON_CERTIFIE";"362";"";"16";"LFI_2026_OFFICIELLE";"https://www.dgbf.ci/wp-content/uploads/2025/12/Loi-de-Finances-2026.pdf";"OUI_SECTION_UNIQUE";"Credits de la section; la repartition au portefeuille gouvernemental actuel n'est pas etablie."
"MINISTERE";"gov-024";"MINISTÈRE DE L'ÉDUCATION NATIONALE, DE L'ALPHABÉTISATION ET DE L'ENSEIGNEMENT TECHNIQUE";"2026";"CP_SECTION_LFI_INITIALE";"1563721366602";"FCFA";"SECTION_VERIFIEE_PORTFEUILLE_NON_CERTIFIE";"331";"";"15";"LFI_2026_OFFICIELLE";"https://www.dgbf.ci/wp-content/uploads/2025/12/Loi-de-Finances-2026.pdf";"OUI_SECTION_UNIQUE";"Credits de la section; la repartition au portefeuille gouvernemental actuel n'est pas etablie."
"MINISTERE";"gov-025";"MINISTÈRE DES INFRASTRUCTURES ET DE L'ENTRETIEN ROUTIER";"2026";"CP_SECTION_LFI_INITIALE";"734442904943";"FCFA";"SECTION_VERIFIEE_PORTFEUILLE_NON_CERTIFIE";"330";"";"18";"LFI_2026_OFFICIELLE";"https://www.dgbf.ci/wp-content/uploads/2025/12/Loi-de-Finances-2026.pdf";"OUI_SECTION_UNIQUE";"Credits de la section; la repartition au portefeuille gouvernemental actuel n'est pas etablie."
"MINISTERE";"gov-026";"MINISTÈRE DE LA COHÉSION NATIONALE, DE LA SOLIDARITÉ ET DE LA LUTTE CONTRE LA PAUVRETÉ";"2026";"CP_SECTION_LFI_INITIALE";"57361750199";"FCFA";"SECTION_VERIFIEE_PORTFEUILLE_NON_CERTIFIE";"369";"";"16";"LFI_2026_OFFICIELLE";"https://www.dgbf.ci/wp-content/uploads/2025/12/Loi-de-Finances-2026.pdf";"OUI_SECTION_UNIQUE";"Credits de la section; la repartition au portefeuille gouvernemental actuel n'est pas etablie."
"MINISTERE";"gov-027";"MINISTÈRE DE LA TRANSITION NUMÉRIQUE ET DE L'INNOVATION TECHNOLOGIQUE";"2026";"CP_SECTION_LFI_INITIALE";"83275503595";"FCFA";"SECTION_VERIFIEE_PORTFEUILLE_NON_CERTIFIE";"356";"";"18";"LFI_2026_OFFICIELLE";"https://www.dgbf.ci/wp-content/uploads/2025/12/Loi-de-Finances-2026.pdf";"OUI_SECTION_UNIQUE";"Credits de la section; la repartition au portefeuille gouvernemental actuel n'est pas etablie."
"MINISTERE";"gov-028";"MINISTÈRE DE LA FEMME, DE LA FAMILLE ET DE L'ENFANT";"2026";"CP_SECTION_LFI_INITIALE";"31263058865";"FCFA";"SECTION_VERIFIEE_PORTFEUILLE_NON_CERTIFIE";"352";"";"16";"LFI_2026_OFFICIELLE";"https://www.dgbf.ci/wp-content/uploads/2025/12/Loi-de-Finances-2026.pdf";"OUI_SECTION_UNIQUE";"Credits de la section; la repartition au portefeuille gouvernemental actuel n'est pas etablie."
"MINISTERE";"gov-029";"MINISTÈRE DE LA CULTURE ET DE LA FRANCOPHONIE";"2026";"CP_SECTION_LFI_INITIALE";"37598620420";"FCFA";"SECTION_VERIFIEE_PORTFEUILLE_NON_CERTIFIE";"346";"";"17";"LFI_2026_OFFICIELLE";"https://www.dgbf.ci/wp-content/uploads/2025/12/Loi-de-Finances-2026.pdf";"OUI_SECTION_UNIQUE";"Credits de la section; la repartition au portefeuille gouvernemental actuel n'est pas etablie."
"MINISTERE";"gov-030";"MINISTÈRE DES SPORTS";"2026";"CP_SECTION_LFI_INITIALE";"70427777385";"FCFA";"SECTION_VERIFIEE_PORTFEUILLE_NON_CERTIFIE";"444";"";"17";"LFI_2026_OFFICIELLE";"https://www.dgbf.ci/wp-content/uploads/2025/12/Loi-de-Finances-2026.pdf";"OUI_SECTION_UNIQUE";"Credits de la section; la repartition au portefeuille gouvernemental actuel n'est pas etablie."
"MINISTERE";"gov-031";"MINISTÈRE DE L'ENVIRONNEMENT ET DE LA TRANSITION ÉCOLOGIQUE";"2026";"CP_SECTION_LFI_INITIALE";"36680067253";"FCFA";"SECTION_VERIFIEE_PORTFEUILLE_NON_CERTIFIE";"343";"";"19";"LFI_2026_OFFICIELLE";"https://www.dgbf.ci/wp-content/uploads/2025/12/Loi-de-Finances-2026.pdf";"OUI_SECTION_UNIQUE";"Credits de la section; la repartition au portefeuille gouvernemental actuel n'est pas etablie."
"MINISTERE";"gov-032";"MINISTÈRE DÉLÉGUÉ CHARGÉ DES AFFAIRES MARITIMES";"2026";"CP_SECTION_LFI_INITIALE";"13746365872";"FCFA";"SECTION_VERIFIEE_PORTFEUILLE_NON_CERTIFIE";"440";"";"18";"LFI_2026_OFFICIELLE";"https://www.dgbf.ci/wp-content/uploads/2025/12/Loi-de-Finances-2026.pdf";"OUI_SECTION_UNIQUE";"Credits de la section; la repartition au portefeuille gouvernemental actuel n'est pas etablie."
"MINISTERE";"gov-033";"MINISTÈRE DÉLÉGUÉ CHARGÉ DE L'INTÉGRATION AFRICAINE";"2026";"CP_SECTION_LFI_INITIALE";"5122516889";"FCFA";"SECTION_VERIFIEE_PORTFEUILLE_NON_CERTIFIE";"439";"";"14";"LFI_2026_OFFICIELLE";"https://www.dgbf.ci/wp-content/uploads/2025/12/Loi-de-Finances-2026.pdf";"OUI_SECTION_UNIQUE";"Credits de la section; la repartition au portefeuille gouvernemental actuel n'est pas etablie."
"MINISTERE";"gov-034";"MINISTÈRE DÉLÉGUÉ CHARGÉ DE L'ENSEIGNEMENT TECHNIQUE";"2026";"CP_SECTION_LFI_INITIALE";"182301855312";"FCFA";"SECTION_VERIFIEE_PORTFEUILLE_NON_CERTIFIE";"334";"";"16";"LFI_2026_OFFICIELLE";"https://www.dgbf.ci/wp-content/uploads/2025/12/Loi-de-Finances-2026.pdf";"OUI_SECTION_UNIQUE";"Credits de la section; la repartition au portefeuille gouvernemental actuel n'est pas etablie."
"MINISTERE";"gov-035";"MINISTÈRE DÉLÉGUÉ CHARGÉ DES PRODUCTIONS VIVRIÈRES";"2026";"CP_SECTION_LFI_INITIALE";"333878089526";"FCFA";"SECTION_VERIFIEE_PORTFEUILLE_NON_CERTIFIE";"229";"";"19";"LFI_2026_OFFICIELLE";"https://www.dgbf.ci/wp-content/uploads/2025/12/Loi-de-Finances-2026.pdf";"NON_DOUBLON";"Section partagee entre portefeuilles, un seul montant pour l'Etat."
"INSTITUTION";"inst-presidence";"La Présidence de la République";"2026";"CP_SECTION_LFI_INITIALE";"193633705615";"FCFA";"SECTION_VERIFIEE";"103";"";"45";"LFI_2026_OFFICIELLE";"https://www.dgbf.ci/wp-content/uploads/2025/12/Loi-de-Finances-2026.pdf";"OUI_SECTION_UNIQUE";"Credits inscrits au tableau des sections de la LFI 2026."
"INSTITUTION";"inst-assnat";"L'Assemblée Nationale de Côte d'Ivoire";"2026";"CP_SECTION_LFI_INITIALE";"38578972451";"FCFA";"SECTION_VERIFIEE";"101";"";"45";"LFI_2026_OFFICIELLE";"https://www.dgbf.ci/wp-content/uploads/2025/12/Loi-de-Finances-2026.pdf";"OUI_SECTION_UNIQUE";"Credits inscrits au tableau des sections de la LFI 2026."
"INSTITUTION";"inst-senat";"Le Sénat de Côte d'Ivoire";"2026";"CP_SECTION_LFI_INITIALE";"14665806742";"FCFA";"SECTION_VERIFIEE";"102";"";"45";"LFI_2026_OFFICIELLE";"https://www.dgbf.ci/wp-content/uploads/2025/12/Loi-de-Finances-2026.pdf";"OUI_SECTION_UNIQUE";"Credits inscrits au tableau des sections de la LFI 2026."
"INSTITUTION";"inst-conseil-const";"Le Conseil Constitutionnel de Côte d'Ivoire";"2026";"CP_SECTION_LFI_INITIALE";"3860437235";"FCFA";"SECTION_VERIFIEE";"106";"";"45";"LFI_2026_OFFICIELLE";"https://www.dgbf.ci/wp-content/uploads/2025/12/Loi-de-Finances-2026.pdf";"OUI_SECTION_UNIQUE";"Credits inscrits au tableau des sections de la LFI 2026."
"INSTITUTION";"inst-cour-supreme";"La Cour Suprême de Côte d'Ivoire";"2026";"ABSENCE_SECTION_DISTINCTE";"";"FCFA";"NON_INDIVIDUALISE";"";"";"45-54";"LFI_2026_OFFICIELLE";"https://www.dgbf.ci/wp-content/uploads/2025/12/Loi-de-Finances-2026.pdf";"NON";"Aucune section propre; voir Cour de cassation, Conseil d'Etat, Cour des comptes."
"INSTITUTION";"inst-cour-comptes";"La Cour des Comptes de Côte d'Ivoire";"2026";"CP_SECTION_LFI_INITIALE";"8851161351";"FCFA";"SECTION_VERIFIEE";"115";"";"46";"LFI_2026_OFFICIELLE";"https://www.dgbf.ci/wp-content/uploads/2025/12/Loi-de-Finances-2026.pdf";"OUI_SECTION_UNIQUE";"Credits inscrits au tableau des sections de la LFI 2026."
"INSTITUTION";"inst-conseil-etat";"Le Conseil d'État de Côte d'Ivoire";"2026";"CP_SECTION_LFI_INITIALE";"5164531081";"FCFA";"SECTION_VERIFIEE";"118";"";"46";"LFI_2026_OFFICIELLE";"https://www.dgbf.ci/wp-content/uploads/2025/12/Loi-de-Finances-2026.pdf";"OUI_SECTION_UNIQUE";"Credits inscrits au tableau des sections de la LFI 2026."
"INSTITUTION";"inst-cour-cassation";"La Cour de Cassation de Côte d'Ivoire";"2026";"CP_SECTION_LFI_INITIALE";"7931309608";"FCFA";"SECTION_VERIFIEE";"114";"";"46";"LFI_2026_OFFICIELLE";"https://www.dgbf.ci/wp-content/uploads/2025/12/Loi-de-Finances-2026.pdf";"OUI_SECTION_UNIQUE";"Credits inscrits au tableau des sections de la LFI 2026."
"INSTITUTION";"inst-mediateur";"Le Médiateur de la République de Côte d'Ivoire";"2026";"CP_SECTION_LFI_INITIALE";"8285468221";"FCFA";"SECTION_VERIFIEE";"109";"";"45";"LFI_2026_OFFICIELLE";"https://www.dgbf.ci/wp-content/uploads/2025/12/Loi-de-Finances-2026.pdf";"OUI_SECTION_UNIQUE";"Credits inscrits au tableau des sections de la LFI 2026."
"INSTITUTION";"inst-ige";"L'Inspection Générale de l'État (IGE)";"2026";"CP_PROGRAMME_INTERNE_LFI";"9872577575";"FCFA";"PROGRAMME_INTERNE_NON_ADDITIF";"103";"13003";"45";"LFI_2026_OFFICIELLE";"https://www.dgbf.ci/wp-content/uploads/2025/12/Loi-de-Finances-2026.pdf";"NON_INCLUS_DANS_SECTION_PARENT";"Inclus dans les credits de la Presidence, ne pas additionner."
"INSTITUTION";"inst-chancellerie";"La Grande Chancellerie de l'Ordre National";"2026";"CP_SECTION_LFI_INITIALE";"3743870172";"FCFA";"SECTION_VERIFIEE";"107";"";"45";"LFI_2026_OFFICIELLE";"https://www.dgbf.ci/wp-content/uploads/2025/12/Loi-de-Finances-2026.pdf";"OUI_SECTION_UNIQUE";"Credits inscrits au tableau des sections de la LFI 2026."
"INSTITUTION";"inst-cesec";"Le Conseil Économique, Social, Environnemental et Culturel (CESEC)";"2026";"CP_SECTION_LFI_INITIALE";"8069692846";"FCFA";"SECTION_VERIFIEE";"105";"";"45";"LFI_2026_OFFICIELLE";"https://www.dgbf.ci/wp-content/uploads/2025/12/Loi-de-Finances-2026.pdf";"OUI_SECTION_UNIQUE";"Credits inscrits au tableau des sections de la LFI 2026."
"INSTITUTION";"inst-cnrct";"La Chambre Nationale des Rois et Chefs Traditionnels (CNRCT)";"2026";"CP_SECTION_LFI_INITIALE";"5794171874";"FCFA";"SECTION_VERIFIEE";"111";"";"46";"LFI_2026_OFFICIELLE";"https://www.dgbf.ci/wp-content/uploads/2025/12/Loi-de-Finances-2026.pdf";"OUI_SECTION_UNIQUE";"Credits inscrits au tableau des sections de la LFI 2026."
"INSTITUTION";"inst-habg";"La Haute Autorité pour la Bonne Gouvernance (HABG)";"2026";"CP_PROGRAMME_INTERNE_LFI";"5552174916";"FCFA";"PROGRAMME_INTERNE_NON_ADDITIF";"103";"13004";"45";"LFI_2026_OFFICIELLE";"https://www.dgbf.ci/wp-content/uploads/2025/12/Loi-de-Finances-2026.pdf";"NON_INCLUS_DANS_SECTION_PARENT";"Inclus dans les credits de la Presidence, ne pas additionner."
"COMMUNE";"inst-com-abobo";"Mairie de Abobo";"2026";"BUDGET_PRIMITIF_LOCAL_2026";"";"FCFA";"BUDGET_PRIMITIF_NON_DOCUMENTE";"";"";"";"AUCUNE_PIECE_BP_2026";"";"NON";"Ne pas confondre avec des dotations de l'Etat ou des credits de programme."
"COMMUNE";"inst-com-adjame";"Mairie de Adjamé";"2026";"BUDGET_PRIMITIF_LOCAL_2026";"";"FCFA";"BUDGET_PRIMITIF_NON_DOCUMENTE";"";"";"";"AUCUNE_PIECE_BP_2026";"";"NON";"Ne pas confondre avec des dotations de l'Etat ou des credits de programme."
"COMMUNE";"inst-com-attecoube";"Mairie d'Attécoubé";"2026";"BUDGET_PRIMITIF_LOCAL_2026";"";"FCFA";"BUDGET_PRIMITIF_NON_DOCUMENTE";"";"";"";"AUCUNE_PIECE_BP_2026";"";"NON";"Ne pas confondre avec des dotations de l'Etat ou des credits de programme."
"COMMUNE";"inst-com-cocody";"Mairie de Cocody";"2026";"BUDGET_PRIMITIF_LOCAL_2026";"19764660000";"FCFA";"MONTANT_PUBLIE_EXACT_A_CORROBORER";"";"";"";"PUBLICATION_SECONDAIRE";"https://news.abidjan.net/articles/746842/1ere-session-du-conseil-municipal-de-cocody-un-budget-primitif-de-197-milliards-pour-booster-les-travaux-innovants";"OUI_BUDGET_LOCAL_DISTINCT_DES_CP_LFI";"Mairie de Cocody & Abidjan.net / Le Nouveau Réveil. Budget primitif rapporte le 25 février 2026; original de deliberation a corroborer."
"COMMUNE";"inst-com-koumassi";"Mairie de Koumassi";"2026";"BUDGET_PRIMITIF_LOCAL_2026";"";"FCFA";"BUDGET_PRIMITIF_NON_DOCUMENTE";"";"";"";"AUCUNE_PIECE_BP_2026";"";"NON";"Ne pas confondre avec des dotations de l'Etat ou des credits de programme."
"COMMUNE";"inst-com-marcory";"Mairie de Marcory";"2026";"BUDGET_PRIMITIF_LOCAL_2026";"";"FCFA";"BUDGET_PRIMITIF_NON_DOCUMENTE";"";"";"";"AUCUNE_PIECE_BP_2026";"";"NON";"Ne pas confondre avec des dotations de l'Etat ou des credits de programme."
"COMMUNE";"inst-com-plateau";"Mairie de Le Plateau";"2026";"BUDGET_PRIMITIF_LOCAL_2026";"";"FCFA";"BUDGET_PRIMITIF_NON_DOCUMENTE";"";"";"";"AUCUNE_PIECE_BP_2026";"";"NON";"Ne pas confondre avec des dotations de l'Etat ou des credits de programme."
"COMMUNE";"inst-com-port-bouet";"Mairie de Port-Bouët";"2026";"BUDGET_PRIMITIF_LOCAL_2026";"";"FCFA";"BUDGET_PRIMITIF_NON_DOCUMENTE";"";"";"";"AUCUNE_PIECE_BP_2026";"";"NON";"Ne pas confondre avec des dotations de l'Etat ou des credits de programme."
"COMMUNE";"inst-com-treichville";"Mairie de Treichville";"2026";"BUDGET_PRIMITIF_LOCAL_2026";"";"FCFA";"BUDGET_PRIMITIF_NON_DOCUMENTE";"";"";"";"AUCUNE_PIECE_BP_2026";"";"NON";"Ne pas confondre avec des dotations de l'Etat ou des credits de programme."
"COMMUNE";"inst-com-yopougon";"Mairie de Yopougon";"2026";"BUDGET_PRIMITIF_LOCAL_2026";"17000000000";"FCFA";"BORNE_PUBLIEE_NON_EXACTE";"";"";"";"PUBLICATION_SECONDAIRE";"https://www.koaci.com/article/2025/12/30/cote-divoire/politique/cote-divoire-mairie-de-yopougon-reconduction-entiere-des-taxes-municipales-de-2025-pour-lexercice-2026-un-budget-primitif-chiffre-a-plus-de-17-milliards-fcfa_193268.html";"OUI_BUDGET_LOCAL_DISTINCT_DES_CP_LFI";"Mairie de Yopougon & KOACI. Budget primitif rapporte le 30 décembre 2025; original de deliberation a corroborer."
"COMMUNE";"inst-com-abengourou";"Mairie de Abengourou";"2026";"BUDGET_PRIMITIF_LOCAL_2026";"3781160000";"FCFA";"MONTANT_PUBLIE_EXACT_A_CORROBORER";"";"";"";"PUBLICATION_SECONDAIRE";"https://www.aip.ci/cote-divoire-aip-abengourou-la-commune-adopte-un-budget-de-37-milliards-fcfa-pour-accelerer-la-transformation-urbaine-et-le-developpement-durable/";"OUI_BUDGET_LOCAL_DISTINCT_DES_CP_LFI";"Mairie de Abengourou & AIP. Budget primitif rapporte le 14 février 2026; original de deliberation a corroborer."
"COMMUNE";"inst-com-aboisso";"Mairie de Aboisso";"2026";"BUDGET_PRIMITIF_LOCAL_2026";"";"FCFA";"BUDGET_PRIMITIF_NON_DOCUMENTE";"";"";"";"AUCUNE_PIECE_BP_2026";"";"NON";"Ne pas confondre avec des dotations de l'Etat ou des credits de programme."
"COMMUNE";"inst-com-adiake";"Mairie de Adiake";"2026";"BUDGET_PRIMITIF_LOCAL_2026";"";"FCFA";"BUDGET_PRIMITIF_NON_DOCUMENTE";"";"";"";"AUCUNE_PIECE_BP_2026";"";"NON";"Ne pas confondre avec des dotations de l'Etat ou des credits de programme."
"COMMUNE";"inst-com-adzope";"Mairie de Adzope";"2026";"BUDGET_PRIMITIF_LOCAL_2026";"2422705000";"FCFA";"MONTANT_PUBLIE_EXACT_A_CORROBORER";"";"";"";"PUBLICATION_SECONDAIRE";"https://www.aip.ci/cote-divoire-aip-le-budget-primitif-2026-mairie-dadzope-en-hausse-de-3399-par-rapport-a-lannee-precedente/";"OUI_BUDGET_LOCAL_DISTINCT_DES_CP_LFI";"Mairie de Adzope & AIP. Budget primitif rapporte le 28 novembre 2025; original de deliberation a corroborer."
"COMMUNE";"inst-com-affery";"Mairie de Affery";"2026";"BUDGET_PRIMITIF_LOCAL_2026";"";"FCFA";"BUDGET_PRIMITIF_NON_DOCUMENTE";"";"";"";"AUCUNE_PIECE_BP_2026";"";"NON";"Ne pas confondre avec des dotations de l'Etat ou des credits de programme."
"COMMUNE";"inst-com-agboville";"Mairie de Agboville";"2026";"BUDGET_PRIMITIF_LOCAL_2026";"2894730000";"FCFA";"MONTANT_PUBLIE_EXACT_A_CORROBORER";"";"";"";"PUBLICATION_SECONDAIRE";"https://www.aip.ci/electionpresidentielle2025/article.php?id=379819";"OUI_BUDGET_LOCAL_DISTINCT_DES_CP_LFI";"Mairie de Agboville & AIP. Budget primitif rapporte le 19 juin 2026; original de deliberation a corroborer."
"COMMUNE";"inst-com-agnibilekro";"Mairie de Agnibilekro";"2026";"BUDGET_PRIMITIF_LOCAL_2026";"";"FCFA";"BUDGET_PRIMITIF_NON_DOCUMENTE";"";"";"";"AUCUNE_PIECE_BP_2026";"";"NON";"Ne pas confondre avec des dotations de l'Etat ou des credits de programme."
"COMMUNE";"inst-com-agou";"Mairie de Agou";"2026";"BUDGET_PRIMITIF_LOCAL_2026";"";"FCFA";"BUDGET_PRIMITIF_NON_DOCUMENTE";"";"";"";"AUCUNE_PIECE_BP_2026";"";"NON";"Ne pas confondre avec des dotations de l'Etat ou des credits de programme."
"COMMUNE";"inst-com-akoupe";"Mairie de Akoupe";"2026";"BUDGET_PRIMITIF_LOCAL_2026";"";"FCFA";"BUDGET_PRIMITIF_NON_DOCUMENTE";"";"";"";"AUCUNE_PIECE_BP_2026";"";"NON";"Ne pas confondre avec des dotations de l'Etat ou des credits de programme."
"COMMUNE";"inst-com-alepe";"Mairie de Alepe";"2026";"BUDGET_PRIMITIF_LOCAL_2026";"";"FCFA";"BUDGET_PRIMITIF_NON_DOCUMENTE";"";"";"";"AUCUNE_PIECE_BP_2026";"";"NON";"Ne pas confondre avec des dotations de l'Etat ou des credits de programme."
"COMMUNE";"inst-com-anoumaba";"Mairie de Anoumaba";"2026";"BUDGET_PRIMITIF_LOCAL_2026";"";"FCFA";"BUDGET_PRIMITIF_NON_DOCUMENTE";"";"";"";"AUCUNE_PIECE_BP_2026";"";"NON";"Ne pas confondre avec des dotations de l'Etat ou des credits de programme."
"COMMUNE";"inst-com-anyama";"Mairie de Anyama";"2026";"BUDGET_PRIMITIF_LOCAL_2026";"";"FCFA";"BUDGET_PRIMITIF_NON_DOCUMENTE";"";"";"";"AUCUNE_PIECE_BP_2026";"";"NON";"Ne pas confondre avec des dotations de l'Etat ou des credits de programme."
"COMMUNE";"inst-com-arrah";"Mairie de Arrah";"2026";"BUDGET_PRIMITIF_LOCAL_2026";"";"FCFA";"BUDGET_PRIMITIF_NON_DOCUMENTE";"";"";"";"AUCUNE_PIECE_BP_2026";"";"NON";"Ne pas confondre avec des dotations de l'Etat ou des credits de programme."
"COMMUNE";"inst-com-assinie-mafia";"Mairie de Assinie-mafia";"2026";"BUDGET_PRIMITIF_LOCAL_2026";"";"FCFA";"BUDGET_PRIMITIF_NON_DOCUMENTE";"";"";"";"AUCUNE_PIECE_BP_2026";"";"NON";"Ne pas confondre avec des dotations de l'Etat ou des credits de programme."
"COMMUNE";"inst-com-assuefry";"Mairie de Assuefry";"2026";"BUDGET_PRIMITIF_LOCAL_2026";"";"FCFA";"BUDGET_PRIMITIF_NON_DOCUMENTE";"";"";"";"AUCUNE_PIECE_BP_2026";"";"NON";"Ne pas confondre avec des dotations de l'Etat ou des credits de programme."
"COMMUNE";"inst-com-attiegouakro";"Mairie de Attiegouakro";"2026";"BUDGET_PRIMITIF_LOCAL_2026";"";"FCFA";"BUDGET_PRIMITIF_NON_DOCUMENTE";"";"";"";"AUCUNE_PIECE_BP_2026";"";"NON";"Ne pas confondre avec des dotations de l'Etat ou des credits de programme."
"COMMUNE";"inst-com-ayame";"Mairie de Ayame";"2026";"BUDGET_PRIMITIF_LOCAL_2026";"";"FCFA";"BUDGET_PRIMITIF_NON_DOCUMENTE";"";"";"";"AUCUNE_PIECE_BP_2026";"";"NON";"Ne pas confondre avec des dotations de l'Etat ou des credits de programme."
"COMMUNE";"inst-com-azaguie";"Mairie de Azaguie";"2026";"BUDGET_PRIMITIF_LOCAL_2026";"";"FCFA";"BUDGET_PRIMITIF_NON_DOCUMENTE";"";"";"";"AUCUNE_PIECE_BP_2026";"";"NON";"Ne pas confondre avec des dotations de l'Etat ou des credits de programme."
"COMMUNE";"inst-com-bako";"Mairie de Bako";"2026";"BUDGET_PRIMITIF_LOCAL_2026";"";"FCFA";"BUDGET_PRIMITIF_NON_DOCUMENTE";"";"";"";"AUCUNE_PIECE_BP_2026";"";"NON";"Ne pas confondre avec des dotations de l'Etat ou des credits de programme."
"COMMUNE";"inst-com-bangolo";"Mairie de Bangolo";"2026";"BUDGET_PRIMITIF_LOCAL_2026";"1586000000";"FCFA";"MONTANT_PUBLIE_ARRONDI";"";"";"";"PUBLICATION_SECONDAIRE";"https://www.aip.ci/cote-divoire-aip-un-budget-de-plus-dun-milliard-fcfa-adopte-pour-renforcer-la-securite-et-les-infrastructures-a-bangolo/";"OUI_BUDGET_LOCAL_DISTINCT_DES_CP_LFI";"Mairie de Bangolo & AIP. Budget primitif rapporte le 25 janvier 2026; original de deliberation a corroborer."
"COMMUNE";"inst-com-bassawa";"Mairie de Bassawa";"2026";"BUDGET_PRIMITIF_LOCAL_2026";"";"FCFA";"BUDGET_PRIMITIF_NON_DOCUMENTE";"";"";"";"AUCUNE_PIECE_BP_2026";"";"NON";"Ne pas confondre avec des dotations de l'Etat ou des credits de programme."
"COMMUNE";"inst-com-bediala";"Mairie de Bediala";"2026";"BUDGET_PRIMITIF_LOCAL_2026";"";"FCFA";"BUDGET_PRIMITIF_NON_DOCUMENTE";"";"";"";"AUCUNE_PIECE_BP_2026";"";"NON";"Ne pas confondre avec des dotations de l'Etat ou des credits de programme."
"COMMUNE";"inst-com-beoumi";"Mairie de Beoumi";"2026";"BUDGET_PRIMITIF_LOCAL_2026";"";"FCFA";"BUDGET_PRIMITIF_NON_DOCUMENTE";"";"";"";"AUCUNE_PIECE_BP_2026";"";"NON";"Ne pas confondre avec des dotations de l'Etat ou des credits de programme."
"COMMUNE";"inst-com-bettie";"Mairie de Bettie";"2026";"BUDGET_PRIMITIF_LOCAL_2026";"816053000";"FCFA";"MONTANT_PUBLIE_EXACT_A_CORROBORER";"";"";"";"PUBLICATION_SECONDAIRE";"https://www.fratmat.info/article/2641011/regions/bettie-un-budget-2026-de-plus-de-816-millions-fcfa-adopte-par-le-conseil-municipal";"OUI_BUDGET_LOCAL_DISTINCT_DES_CP_LFI";"Mairie de Bettie & Fraternité Matin. Budget primitif rapporte le 30 mars 2026; original de deliberation a corroborer."
"COMMUNE";"inst-com-biankouma";"Mairie de Biankouma";"2026";"BUDGET_PRIMITIF_LOCAL_2026";"";"FCFA";"BUDGET_PRIMITIF_NON_DOCUMENTE";"";"";"";"AUCUNE_PIECE_BP_2026";"";"NON";"Ne pas confondre avec des dotations de l'Etat ou des credits de programme."
"COMMUNE";"inst-com-bin-houye";"Mairie de Bin-houye";"2026";"BUDGET_PRIMITIF_LOCAL_2026";"";"FCFA";"BUDGET_PRIMITIF_NON_DOCUMENTE";"";"";"";"AUCUNE_PIECE_BP_2026";"";"NON";"Ne pas confondre avec des dotations de l'Etat ou des credits de programme."
"COMMUNE";"inst-com-bingerville";"Mairie de Bingerville";"2026";"BUDGET_PRIMITIF_LOCAL_2026";"4046222000";"FCFA";"MONTANT_PUBLIE_EXACT_A_CORROBORER";"";"";"";"PUBLICATION_SECONDAIRE";"https://www.aip.ci/cote-divoire-aip-le-budget-primitif-2026-de-la-commune-de-bingerville-arrete-a-plus-de-4-milliards-fcfa/";"OUI_BUDGET_LOCAL_DISTINCT_DES_CP_LFI";"AIP — Budget primitif 2026 de Bingerville. Budget primitif rapporte le 28 janvier 2026; original de deliberation a corroborer."
"COMMUNE";"inst-com-blolequin";"Mairie de Blolequin";"2026";"BUDGET_PRIMITIF_LOCAL_2026";"";"FCFA";"BUDGET_PRIMITIF_NON_DOCUMENTE";"";"";"";"AUCUNE_PIECE_BP_2026";"";"NON";"Ne pas confondre avec des dotations de l'Etat ou des credits de programme."
"COMMUNE";"inst-com-bocanda";"Mairie de Bocanda";"2026";"BUDGET_PRIMITIF_LOCAL_2026";"";"FCFA";"BUDGET_PRIMITIF_NON_DOCUMENTE";"";"";"";"AUCUNE_PIECE_BP_2026";"";"NON";"Ne pas confondre avec des dotations de l'Etat ou des credits de programme."
"COMMUNE";"inst-com-bodokro";"Mairie de Bodokro";"2026";"BUDGET_PRIMITIF_LOCAL_2026";"";"FCFA";"BUDGET_PRIMITIF_NON_DOCUMENTE";"";"";"";"AUCUNE_PIECE_BP_2026";"";"NON";"Ne pas confondre avec des dotations de l'Etat ou des credits de programme."
"COMMUNE";"inst-com-bondoukou";"Mairie de Bondoukou";"2026";"BUDGET_PRIMITIF_LOCAL_2026";"1881883000";"FCFA";"MONTANT_PUBLIE_EXACT_A_CORROBORER";"";"";"";"PUBLICATION_SECONDAIRE";"https://www.aip.ci/cote-divoire-aip-le-maire-appelle-a-la-cohesion-pour-accelerer-le-developpement-de-la-commune-de-bondoukou/";"OUI_BUDGET_LOCAL_DISTINCT_DES_CP_LFI";"Mairie de Bondoukou & AIP. Budget primitif rapporte le 23 novembre 2025; original de deliberation a corroborer."
"COMMUNE";"inst-com-bongouanou";"Mairie de Bongouanou";"2026";"BUDGET_PRIMITIF_LOCAL_2026";"1418000000";"FCFA";"MONTANT_PUBLIE_ARRONDI";"";"";"";"PUBLICATION_SECONDAIRE";"https://www.aip.ci/cote-divoire-aip-la-commune-de-bongouanou-execute-326-de-son-budget-primitif-au-premier-semestre-2026/";"OUI_BUDGET_LOCAL_DISTINCT_DES_CP_LFI";"Mairie de Bongouanou & AIP. Budget primitif rapporte le 10 juillet 2026; original de deliberation a corroborer."
"COMMUNE";"inst-com-bonieredougou";"Mairie de Bonieredougou";"2026";"BUDGET_PRIMITIF_LOCAL_2026";"";"FCFA";"BUDGET_PRIMITIF_NON_DOCUMENTE";"";"";"";"AUCUNE_PIECE_BP_2026";"";"NON";"Ne pas confondre avec des dotations de l'Etat ou des credits de programme."
"COMMUNE";"inst-com-bonon";"Mairie de Bonon";"2026";"BUDGET_PRIMITIF_LOCAL_2026";"";"FCFA";"BUDGET_PRIMITIF_NON_DOCUMENTE";"";"";"";"AUCUNE_PIECE_BP_2026";"";"NON";"Ne pas confondre avec des dotations de l'Etat ou des credits de programme."
"COMMUNE";"inst-com-bonoua";"Mairie de Bonoua";"2026";"BUDGET_PRIMITIF_LOCAL_2026";"";"FCFA";"BUDGET_PRIMITIF_NON_DOCUMENTE";"";"";"";"AUCUNE_PIECE_BP_2026";"";"NON";"Ne pas confondre avec des dotations de l'Etat ou des credits de programme."
"COMMUNE";"inst-com-booko";"Mairie de Booko";"2026";"BUDGET_PRIMITIF_LOCAL_2026";"";"FCFA";"BUDGET_PRIMITIF_NON_DOCUMENTE";"";"";"";"AUCUNE_PIECE_BP_2026";"";"NON";"Ne pas confondre avec des dotations de l'Etat ou des credits de programme."
"COMMUNE";"inst-com-borotou";"Mairie de Borotou";"2026";"BUDGET_PRIMITIF_LOCAL_2026";"";"FCFA";"BUDGET_PRIMITIF_NON_DOCUMENTE";"";"";"";"AUCUNE_PIECE_BP_2026";"";"NON";"Ne pas confondre avec des dotations de l'Etat ou des credits de programme."
"COMMUNE";"inst-com-botro";"Mairie de Botro";"2026";"BUDGET_PRIMITIF_LOCAL_2026";"";"FCFA";"BUDGET_PRIMITIF_NON_DOCUMENTE";"";"";"";"AUCUNE_PIECE_BP_2026";"";"NON";"Ne pas confondre avec des dotations de l'Etat ou des credits de programme."
"COMMUNE";"inst-com-bouafle";"Mairie de Bouafle";"2026";"BUDGET_PRIMITIF_LOCAL_2026";"";"FCFA";"BUDGET_PRIMITIF_NON_DOCUMENTE";"";"";"";"AUCUNE_PIECE_BP_2026";"";"NON";"Ne pas confondre avec des dotations de l'Etat ou des credits de programme."
"COMMUNE";"inst-com-bouake";"Mairie de Bouake";"2026";"BUDGET_PRIMITIF_LOCAL_2026";"11165776000";"FCFA";"MONTANT_PUBLIE_EXACT_A_CORROBORER";"";"";"";"PUBLICATION_SECONDAIRE";"https://www.fratmat.info/article/2640752/regions/bouakeconseil-municipal-linauguration-du-grand-marche-se-prepare";"OUI_BUDGET_LOCAL_DISTINCT_DES_CP_LFI";"Mairie de Bouake & Fraternité Matin. Budget primitif rapporte le 19 mars 2026; original de deliberation a corroborer."
"COMMUNE";"inst-com-bouna";"Mairie de Bouna";"2026";"BUDGET_PRIMITIF_LOCAL_2026";"";"FCFA";"BUDGET_PRIMITIF_NON_DOCUMENTE";"";"";"";"AUCUNE_PIECE_BP_2026";"";"NON";"Ne pas confondre avec des dotations de l'Etat ou des credits de programme."
"COMMUNE";"inst-com-boundiali";"Mairie de Boundiali";"2026";"BUDGET_PRIMITIF_LOCAL_2026";"1954094000";"FCFA";"MONTANT_PUBLIE_EXACT_A_CORROBORER";"";"";"";"PUBLICATION_SECONDAIRE";"https://www.fratmat.info/article/2638319/societe/developpement-local-la-mairie-de-boundiali-multiplie-par-six-ses-investissements-en-sept-ans";"OUI_BUDGET_LOCAL_DISTINCT_DES_CP_LFI";"Mairie de Boundiali & Fraternité Matin. Budget primitif rapporte le 23 novembre 2025; original de deliberation a corroborer."
"COMMUNE";"inst-com-brobo";"Mairie de Brobo";"2026";"BUDGET_PRIMITIF_LOCAL_2026";"";"FCFA";"BUDGET_PRIMITIF_NON_DOCUMENTE";"";"";"";"AUCUNE_PIECE_BP_2026";"";"NON";"Ne pas confondre avec des dotations de l'Etat ou des credits de programme."
"COMMUNE";"inst-com-buyo";"Mairie de Buyo";"2026";"BUDGET_PRIMITIF_LOCAL_2026";"";"FCFA";"BUDGET_PRIMITIF_NON_DOCUMENTE";"";"";"";"AUCUNE_PIECE_BP_2026";"";"NON";"Ne pas confondre avec des dotations de l'Etat ou des credits de programme."
"COMMUNE";"inst-com-dabakala";"Mairie de Dabakala";"2026";"BUDGET_PRIMITIF_LOCAL_2026";"";"FCFA";"BUDGET_PRIMITIF_NON_DOCUMENTE";"";"";"";"AUCUNE_PIECE_BP_2026";"";"NON";"Ne pas confondre avec des dotations de l'Etat ou des credits de programme."
"COMMUNE";"inst-com-dabou";"Mairie de Dabou";"2026";"BUDGET_PRIMITIF_LOCAL_2026";"";"FCFA";"BUDGET_PRIMITIF_NON_DOCUMENTE";"";"";"";"AUCUNE_PIECE_BP_2026";"";"NON";"Ne pas confondre avec des dotations de l'Etat ou des credits de programme."
"COMMUNE";"inst-com-daloa";"Mairie de Daloa";"2026";"BUDGET_PRIMITIF_LOCAL_2026";"";"FCFA";"BUDGET_PRIMITIF_NON_DOCUMENTE";"";"";"";"AUCUNE_PIECE_BP_2026";"";"NON";"Ne pas confondre avec des dotations de l'Etat ou des credits de programme."
"COMMUNE";"inst-com-danane";"Mairie de Danane";"2026";"BUDGET_PRIMITIF_LOCAL_2026";"1929356000";"FCFA";"MONTANT_PUBLIE_EXACT_A_CORROBORER";"";"";"";"PUBLICATION_SECONDAIRE";"https://www.aip.ci/cote-divoire-aip-danane-le-conseil-municipal-adopte-un-budget-2026-de-19-milliard-f-cfa/";"OUI_BUDGET_LOCAL_DISTINCT_DES_CP_LFI";"Mairie de Danane & AIP. Budget primitif rapporte le 11 février 2026; original de deliberation a corroborer."
"COMMUNE";"inst-com-daoukro";"Mairie de Daoukro";"2026";"BUDGET_PRIMITIF_LOCAL_2026";"1931737000";"FCFA";"MONTANT_PUBLIE_EXACT_A_CORROBORER";"";"";"";"PUBLICATION_SECONDAIRE";"https://www.aip.ci/cote-divoire-aip-le-budget-primitif-2026-de-la-mairie-de-daoukro-oriente-vers-des-projets-dinfrastructures/";"OUI_BUDGET_LOCAL_DISTINCT_DES_CP_LFI";"Mairie de Daoukro & AIP. Budget primitif rapporte le 8 décembre 2025; original de deliberation a corroborer."
"COMMUNE";"inst-com-diabo";"Mairie de Diabo";"2026";"BUDGET_PRIMITIF_LOCAL_2026";"";"FCFA";"BUDGET_PRIMITIF_NON_DOCUMENTE";"";"";"";"AUCUNE_PIECE_BP_2026";"";"NON";"Ne pas confondre avec des dotations de l'Etat ou des credits de programme."
"COMMUNE";"inst-com-dianra";"Mairie de Dianra";"2026";"BUDGET_PRIMITIF_LOCAL_2026";"";"FCFA";"BUDGET_PRIMITIF_NON_DOCUMENTE";"";"";"";"AUCUNE_PIECE_BP_2026";"";"NON";"Ne pas confondre avec des dotations de l'Etat ou des credits de programme."
"COMMUNE";"inst-com-diawala";"Mairie de Diawala";"2026";"BUDGET_PRIMITIF_LOCAL_2026";"";"FCFA";"BUDGET_PRIMITIF_NON_DOCUMENTE";"";"";"";"AUCUNE_PIECE_BP_2026";"";"NON";"Ne pas confondre avec des dotations de l'Etat ou des credits de programme."
"COMMUNE";"inst-com-didievi";"Mairie de Didievi";"2026";"BUDGET_PRIMITIF_LOCAL_2026";"";"FCFA";"BUDGET_PRIMITIF_NON_DOCUMENTE";"";"";"";"AUCUNE_PIECE_BP_2026";"";"NON";"Ne pas confondre avec des dotations de l'Etat ou des credits de programme."
"COMMUNE";"inst-com-diegonefla";"Mairie de Diegonefla";"2026";"BUDGET_PRIMITIF_LOCAL_2026";"";"FCFA";"BUDGET_PRIMITIF_NON_DOCUMENTE";"";"";"";"AUCUNE_PIECE_BP_2026";"";"NON";"Ne pas confondre avec des dotations de l'Etat ou des credits de programme."
"COMMUNE";"inst-com-dikodougou";"Mairie de Dikodougou";"2026";"BUDGET_PRIMITIF_LOCAL_2026";"";"FCFA";"BUDGET_PRIMITIF_NON_DOCUMENTE";"";"";"";"AUCUNE_PIECE_BP_2026";"";"NON";"Ne pas confondre avec des dotations de l'Etat ou des credits de programme."
"COMMUNE";"inst-com-dimbokro";"Mairie de Dimbokro";"2026";"BUDGET_PRIMITIF_LOCAL_2026";"1986685000";"FCFA";"MONTANT_PUBLIE_EXACT_A_CORROBORER";"";"";"";"PUBLICATION_SECONDAIRE";"https://www.koaci.com/article/2026/08/30/cote-divoire/economie/cote-divoire-dimbokro-6697-de-recettes-mobilisees-et-un-budget-de-215-milliards-fcfa-adama-coulibaly-accelere-les-investissements_200013.html";"OUI_BUDGET_LOCAL_DISTINCT_DES_CP_LFI";"Mairie de Dimbokro & KOACI. Budget primitif rapporte le 30 août 2026; original de deliberation a corroborer."
"COMMUNE";"inst-com-dioulatiedougou";"Mairie de Dioulatiedougou";"2026";"BUDGET_PRIMITIF_LOCAL_2026";"";"FCFA";"BUDGET_PRIMITIF_NON_DOCUMENTE";"";"";"";"AUCUNE_PIECE_BP_2026";"";"NON";"Ne pas confondre avec des dotations de l'Etat ou des credits de programme."
"COMMUNE";"inst-com-divo";"Mairie de Divo";"2026";"BUDGET_PRIMITIF_LOCAL_2026";"";"FCFA";"BUDGET_PRIMITIF_NON_DOCUMENTE";"";"";"";"AUCUNE_PIECE_BP_2026";"";"NON";"Ne pas confondre avec des dotations de l'Etat ou des credits de programme."
"COMMUNE";"inst-com-djebonoua";"Mairie de Djebonoua";"2026";"BUDGET_PRIMITIF_LOCAL_2026";"";"FCFA";"BUDGET_PRIMITIF_NON_DOCUMENTE";"";"";"";"AUCUNE_PIECE_BP_2026";"";"NON";"Ne pas confondre avec des dotations de l'Etat ou des credits de programme."
"COMMUNE";"inst-com-djekanou";"Mairie de Djekanou";"2026";"BUDGET_PRIMITIF_LOCAL_2026";"";"FCFA";"BUDGET_PRIMITIF_NON_DOCUMENTE";"";"";"";"AUCUNE_PIECE_BP_2026";"";"NON";"Ne pas confondre avec des dotations de l'Etat ou des credits de programme."
"COMMUNE";"inst-com-djibrosso";"Mairie de Djibrosso";"2026";"BUDGET_PRIMITIF_LOCAL_2026";"";"FCFA";"BUDGET_PRIMITIF_NON_DOCUMENTE";"";"";"";"AUCUNE_PIECE_BP_2026";"";"NON";"Ne pas confondre avec des dotations de l'Etat ou des credits de programme."
"COMMUNE";"inst-com-doropo";"Mairie de Doropo";"2026";"BUDGET_PRIMITIF_LOCAL_2026";"";"FCFA";"BUDGET_PRIMITIF_NON_DOCUMENTE";"";"";"";"AUCUNE_PIECE_BP_2026";"";"NON";"Ne pas confondre avec des dotations de l'Etat ou des credits de programme."
"COMMUNE";"inst-com-dualla";"Mairie de Dualla";"2026";"BUDGET_PRIMITIF_LOCAL_2026";"";"FCFA";"BUDGET_PRIMITIF_NON_DOCUMENTE";"";"";"";"AUCUNE_PIECE_BP_2026";"";"NON";"Ne pas confondre avec des dotations de l'Etat ou des credits de programme."
"COMMUNE";"inst-com-duekoue";"Mairie de Duekoue";"2026";"BUDGET_PRIMITIF_LOCAL_2026";"";"FCFA";"BUDGET_PRIMITIF_NON_DOCUMENTE";"";"";"";"AUCUNE_PIECE_BP_2026";"";"NON";"Ne pas confondre avec des dotations de l'Etat ou des credits de programme."
"COMMUNE";"inst-com-ettrokro";"Mairie de Ettrokro";"2026";"BUDGET_PRIMITIF_LOCAL_2026";"";"FCFA";"BUDGET_PRIMITIF_NON_DOCUMENTE";"";"";"";"AUCUNE_PIECE_BP_2026";"";"NON";"Ne pas confondre avec des dotations de l'Etat ou des credits de programme."
"COMMUNE";"inst-com-facobly";"Mairie de Facobly";"2026";"BUDGET_PRIMITIF_LOCAL_2026";"";"FCFA";"BUDGET_PRIMITIF_NON_DOCUMENTE";"";"";"";"AUCUNE_PIECE_BP_2026";"";"NON";"Ne pas confondre avec des dotations de l'Etat ou des credits de programme."
"COMMUNE";"inst-com-ferkessedougou";"Mairie de Ferkessedougou";"2026";"BUDGET_PRIMITIF_LOCAL_2026";"";"FCFA";"BUDGET_PRIMITIF_NON_DOCUMENTE";"";"";"";"AUCUNE_PIECE_BP_2026";"";"NON";"Ne pas confondre avec des dotations de l'Etat ou des credits de programme."
"COMMUNE";"inst-com-foumbolo";"Mairie de Foumbolo";"2026";"BUDGET_PRIMITIF_LOCAL_2026";"";"FCFA";"BUDGET_PRIMITIF_NON_DOCUMENTE";"";"";"";"AUCUNE_PIECE_BP_2026";"";"NON";"Ne pas confondre avec des dotations de l'Etat ou des credits de programme."
"COMMUNE";"inst-com-fresco";"Mairie de Fresco";"2026";"BUDGET_PRIMITIF_LOCAL_2026";"";"FCFA";"BUDGET_PRIMITIF_NON_DOCUMENTE";"";"";"";"AUCUNE_PIECE_BP_2026";"";"NON";"Ne pas confondre avec des dotations de l'Etat ou des credits de programme."
"COMMUNE";"inst-com-fronan";"Mairie de Fronan";"2026";"BUDGET_PRIMITIF_LOCAL_2026";"";"FCFA";"BUDGET_PRIMITIF_NON_DOCUMENTE";"";"";"";"AUCUNE_PIECE_BP_2026";"";"NON";"Ne pas confondre avec des dotations de l'Etat ou des credits de programme."
"COMMUNE";"inst-com-gagnoa";"Mairie de Gagnoa";"2026";"BUDGET_PRIMITIF_LOCAL_2026";"3523316000";"FCFA";"MONTANT_PUBLIE_EXACT_A_CORROBORER";"";"";"";"PUBLICATION_SECONDAIRE";"https://www.koaci.com/article/2026/04/18/cote-divoire/societe/cote-divoire-gagnoa-le-budget-primitif-de-lexercice-2026-de-plus-de-3-milliards-fcfa-adopte-en-conseil-municipal_195970.html";"OUI_BUDGET_LOCAL_DISTINCT_DES_CP_LFI";"Mairie de Gagnoa & KOACI. Budget primitif rapporte le 18 avril 2026; original de deliberation a corroborer."
"COMMUNE";"inst-com-gbeleban";"Mairie de Gbeleban";"2026";"BUDGET_PRIMITIF_LOCAL_2026";"1688914000";"FCFA";"MONTANT_PUBLIE_EXACT_A_CORROBORER";"";"";"";"PUBLICATION_SECONDAIRE";"https://mairie-gbeleban.ci/";"OUI_BUDGET_LOCAL_DISTINCT_DES_CP_LFI";"Mairie de Gbeleban & Mairie de Gbéléban + Fraternité Matin. Budget primitif rapporte le 8 novembre 2025; original de deliberation a corroborer."
"COMMUNE";"inst-com-gboguhe";"Mairie de Gboguhe";"2026";"BUDGET_PRIMITIF_LOCAL_2026";"";"FCFA";"BUDGET_PRIMITIF_NON_DOCUMENTE";"";"";"";"AUCUNE_PIECE_BP_2026";"";"NON";"Ne pas confondre avec des dotations de l'Etat ou des credits de programme."
"COMMUNE";"inst-com-gbon";"Mairie de Gbon";"2026";"BUDGET_PRIMITIF_LOCAL_2026";"";"FCFA";"BUDGET_PRIMITIF_NON_DOCUMENTE";"";"";"";"AUCUNE_PIECE_BP_2026";"";"NON";"Ne pas confondre avec des dotations de l'Etat ou des credits de programme."
"COMMUNE";"inst-com-gbonne";"Mairie de Gbonne";"2026";"BUDGET_PRIMITIF_LOCAL_2026";"";"FCFA";"BUDGET_PRIMITIF_NON_DOCUMENTE";"";"";"";"AUCUNE_PIECE_BP_2026";"";"NON";"Ne pas confondre avec des dotations de l'Etat ou des credits de programme."
"COMMUNE";"inst-com-gohitafla";"Mairie de Gohitafla";"2026";"BUDGET_PRIMITIF_LOCAL_2026";"";"FCFA";"BUDGET_PRIMITIF_NON_DOCUMENTE";"";"";"";"AUCUNE_PIECE_BP_2026";"";"NON";"Ne pas confondre avec des dotations de l'Etat ou des credits de programme."
"COMMUNE";"inst-com-goulia";"Mairie de Goulia";"2026";"BUDGET_PRIMITIF_LOCAL_2026";"";"FCFA";"BUDGET_PRIMITIF_NON_DOCUMENTE";"";"";"";"AUCUNE_PIECE_BP_2026";"";"NON";"Ne pas confondre avec des dotations de l'Etat ou des credits de programme."
"COMMUNE";"inst-com-grabo";"Mairie de Grabo";"2026";"BUDGET_PRIMITIF_LOCAL_2026";"";"FCFA";"BUDGET_PRIMITIF_NON_DOCUMENTE";"";"";"";"AUCUNE_PIECE_BP_2026";"";"NON";"Ne pas confondre avec des dotations de l'Etat ou des credits de programme."
"COMMUNE";"inst-com-grand-bassam";"Mairie de Grand-bassam";"2026";"BUDGET_PRIMITIF_LOCAL_2026";"";"FCFA";"BUDGET_PRIMITIF_NON_DOCUMENTE";"";"";"";"AUCUNE_PIECE_BP_2026";"";"NON";"Ne pas confondre avec des dotations de l'Etat ou des credits de programme."
"COMMUNE";"inst-com-grand-bereby";"Mairie de Grand-bereby";"2026";"BUDGET_PRIMITIF_LOCAL_2026";"3244050000";"FCFA";"MONTANT_PUBLIE_EXACT_A_CORROBORER";"";"";"";"PUBLICATION_SECONDAIRE";"https://www.koaci.com/article/2026/01/16/cote-divoire/societe/cote-divoire-conseil-municipal-de-grand-bereby-le-budget-primitif-de-lexercice-2026-fixe-a-03-milliards-fcfa-application-des-taxes-de-nuitee-dans-les-hotels_193634.html";"OUI_BUDGET_LOCAL_DISTINCT_DES_CP_LFI";"Mairie de Grand-bereby & KOACI. Budget primitif rapporte le 16 janvier 2026; original de deliberation a corroborer."
"COMMUNE";"inst-com-grand-lahou";"Mairie de Grand-lahou";"2026";"BUDGET_PRIMITIF_LOCAL_2026";"";"FCFA";"BUDGET_PRIMITIF_NON_DOCUMENTE";"";"";"";"AUCUNE_PIECE_BP_2026";"";"NON";"Ne pas confondre avec des dotations de l'Etat ou des credits de programme."
"COMMUNE";"inst-com-grand-zattry";"Mairie de Grand-zattry";"2026";"BUDGET_PRIMITIF_LOCAL_2026";"";"FCFA";"BUDGET_PRIMITIF_NON_DOCUMENTE";"";"";"";"AUCUNE_PIECE_BP_2026";"";"NON";"Ne pas confondre avec des dotations de l'Etat ou des credits de programme."
"COMMUNE";"inst-com-gueyo";"Mairie de Gueyo";"2026";"BUDGET_PRIMITIF_LOCAL_2026";"";"FCFA";"BUDGET_PRIMITIF_NON_DOCUMENTE";"";"";"";"AUCUNE_PIECE_BP_2026";"";"NON";"Ne pas confondre avec des dotations de l'Etat ou des credits de programme."
"COMMUNE";"inst-com-guiberoua";"Mairie de Guiberoua";"2026";"BUDGET_PRIMITIF_LOCAL_2026";"";"FCFA";"BUDGET_PRIMITIF_NON_DOCUMENTE";"";"";"";"AUCUNE_PIECE_BP_2026";"";"NON";"Ne pas confondre avec des dotations de l'Etat ou des credits de programme."
"COMMUNE";"inst-com-guiembe";"Mairie de Guiembe";"2026";"BUDGET_PRIMITIF_LOCAL_2026";"";"FCFA";"BUDGET_PRIMITIF_NON_DOCUMENTE";"";"";"";"AUCUNE_PIECE_BP_2026";"";"NON";"Ne pas confondre avec des dotations de l'Etat ou des credits de programme."
"COMMUNE";"inst-com-guiglo";"Mairie de Guiglo";"2026";"BUDGET_PRIMITIF_LOCAL_2026";"";"FCFA";"BUDGET_PRIMITIF_NON_DOCUMENTE";"";"";"";"AUCUNE_PIECE_BP_2026";"";"NON";"Ne pas confondre avec des dotations de l'Etat ou des credits de programme."
"COMMUNE";"inst-com-guinteguela";"Mairie de Guinteguela";"2026";"BUDGET_PRIMITIF_LOCAL_2026";"";"FCFA";"BUDGET_PRIMITIF_NON_DOCUMENTE";"";"";"";"AUCUNE_PIECE_BP_2026";"";"NON";"Ne pas confondre avec des dotations de l'Etat ou des credits de programme."
"COMMUNE";"inst-com-guitry";"Mairie de Guitry";"2026";"BUDGET_PRIMITIF_LOCAL_2026";"";"FCFA";"BUDGET_PRIMITIF_NON_DOCUMENTE";"";"";"";"AUCUNE_PIECE_BP_2026";"";"NON";"Ne pas confondre avec des dotations de l'Etat ou des credits de programme."
"COMMUNE";"inst-com-hire";"Mairie de Hire";"2026";"BUDGET_PRIMITIF_LOCAL_2026";"";"FCFA";"BUDGET_PRIMITIF_NON_DOCUMENTE";"";"";"";"AUCUNE_PIECE_BP_2026";"";"NON";"Ne pas confondre avec des dotations de l'Etat ou des credits de programme."
"COMMUNE";"inst-com-issia";"Mairie de Issia";"2026";"BUDGET_PRIMITIF_LOCAL_2026";"";"FCFA";"BUDGET_PRIMITIF_NON_DOCUMENTE";"";"";"";"AUCUNE_PIECE_BP_2026";"";"NON";"Ne pas confondre avec des dotations de l'Etat ou des credits de programme."
"COMMUNE";"inst-com-jacqueville";"Mairie de Jacqueville";"2026";"BUDGET_PRIMITIF_LOCAL_2026";"";"FCFA";"BUDGET_PRIMITIF_NON_DOCUMENTE";"";"";"";"AUCUNE_PIECE_BP_2026";"";"NON";"Ne pas confondre avec des dotations de l'Etat ou des credits de programme."
"COMMUNE";"inst-com-kanakono";"Mairie de Kanakono";"2026";"BUDGET_PRIMITIF_LOCAL_2026";"";"FCFA";"BUDGET_PRIMITIF_NON_DOCUMENTE";"";"";"";"AUCUNE_PIECE_BP_2026";"";"NON";"Ne pas confondre avec des dotations de l'Etat ou des credits de programme."
"COMMUNE";"inst-com-kani";"Mairie de Kani";"2026";"BUDGET_PRIMITIF_LOCAL_2026";"";"FCFA";"BUDGET_PRIMITIF_NON_DOCUMENTE";"";"";"";"AUCUNE_PIECE_BP_2026";"";"NON";"Ne pas confondre avec des dotations de l'Etat ou des credits de programme."
"COMMUNE";"inst-com-kaniasso";"Mairie de Kaniasso";"2026";"BUDGET_PRIMITIF_LOCAL_2026";"";"FCFA";"BUDGET_PRIMITIF_NON_DOCUMENTE";"";"";"";"AUCUNE_PIECE_BP_2026";"";"NON";"Ne pas confondre avec des dotations de l'Etat ou des credits de programme."
"COMMUNE";"inst-com-karakoro";"Mairie de Karakoro";"2026";"BUDGET_PRIMITIF_LOCAL_2026";"";"FCFA";"BUDGET_PRIMITIF_NON_DOCUMENTE";"";"";"";"AUCUNE_PIECE_BP_2026";"";"NON";"Ne pas confondre avec des dotations de l'Etat ou des credits de programme."
"COMMUNE";"inst-com-kassere";"Mairie de Kassere";"2026";"BUDGET_PRIMITIF_LOCAL_2026";"";"FCFA";"BUDGET_PRIMITIF_NON_DOCUMENTE";"";"";"";"AUCUNE_PIECE_BP_2026";"";"NON";"Ne pas confondre avec des dotations de l'Etat ou des credits de programme."
"COMMUNE";"inst-com-katiola";"Mairie de Katiola";"2026";"BUDGET_PRIMITIF_LOCAL_2026";"1684000000";"FCFA";"MONTANT_PUBLIE_ARRONDI";"";"";"";"PUBLICATION_SECONDAIRE";"https://www.aip.ci/cote-divoire-aip-le-budget-primitif-2026-du-conseil-municipal-de-katiola-progresse-de-7694/";"OUI_BUDGET_LOCAL_DISTINCT_DES_CP_LFI";"Mairie de Katiola & AIP. Budget primitif rapporte le 27 novembre 2025; original de deliberation a corroborer."
"COMMUNE";"inst-com-kokumbo";"Mairie de Kokumbo";"2026";"BUDGET_PRIMITIF_LOCAL_2026";"";"FCFA";"BUDGET_PRIMITIF_NON_DOCUMENTE";"";"";"";"AUCUNE_PIECE_BP_2026";"";"NON";"Ne pas confondre avec des dotations de l'Etat ou des credits de programme."
"COMMUNE";"inst-com-kolia";"Mairie de Kolia";"2026";"BUDGET_PRIMITIF_LOCAL_2026";"";"FCFA";"BUDGET_PRIMITIF_NON_DOCUMENTE";"";"";"";"AUCUNE_PIECE_BP_2026";"";"NON";"Ne pas confondre avec des dotations de l'Etat ou des credits de programme."
"COMMUNE";"inst-com-komborodougou";"Mairie de Komborodougou";"2026";"BUDGET_PRIMITIF_LOCAL_2026";"";"FCFA";"BUDGET_PRIMITIF_NON_DOCUMENTE";"";"";"";"AUCUNE_PIECE_BP_2026";"";"NON";"Ne pas confondre avec des dotations de l'Etat ou des credits de programme."
"COMMUNE";"inst-com-kong";"Mairie de Kong";"2026";"BUDGET_PRIMITIF_LOCAL_2026";"";"FCFA";"BUDGET_PRIMITIF_NON_DOCUMENTE";"";"";"";"AUCUNE_PIECE_BP_2026";"";"NON";"Ne pas confondre avec des dotations de l'Etat ou des credits de programme."
"COMMUNE";"inst-com-kongasso";"Mairie de Kongasso";"2026";"BUDGET_PRIMITIF_LOCAL_2026";"";"FCFA";"BUDGET_PRIMITIF_NON_DOCUMENTE";"";"";"";"AUCUNE_PIECE_BP_2026";"";"NON";"Ne pas confondre avec des dotations de l'Etat ou des credits de programme."
"COMMUNE";"inst-com-koonan";"Mairie de Koonan";"2026";"BUDGET_PRIMITIF_LOCAL_2026";"";"FCFA";"BUDGET_PRIMITIF_NON_DOCUMENTE";"";"";"";"AUCUNE_PIECE_BP_2026";"";"NON";"Ne pas confondre avec des dotations de l'Etat ou des credits de programme."
"COMMUNE";"inst-com-korhogo";"Mairie de Korhogo";"2026";"BUDGET_PRIMITIF_LOCAL_2026";"";"FCFA";"BUDGET_PRIMITIF_NON_DOCUMENTE";"";"";"";"AUCUNE_PIECE_BP_2026";"";"NON";"Ne pas confondre avec des dotations de l'Etat ou des credits de programme."
"COMMUNE";"inst-com-koro";"Mairie de Koro";"2026";"BUDGET_PRIMITIF_LOCAL_2026";"";"FCFA";"BUDGET_PRIMITIF_NON_DOCUMENTE";"";"";"";"AUCUNE_PIECE_BP_2026";"";"NON";"Ne pas confondre avec des dotations de l'Etat ou des credits de programme."
"COMMUNE";"inst-com-kouassi-datekro";"Mairie de Kouassi-datekro";"2026";"BUDGET_PRIMITIF_LOCAL_2026";"";"FCFA";"BUDGET_PRIMITIF_NON_DOCUMENTE";"";"";"";"AUCUNE_PIECE_BP_2026";"";"NON";"Ne pas confondre avec des dotations de l'Etat ou des credits de programme."
"COMMUNE";"inst-com-kouassi-kouassikro";"Mairie de Kouassi-kouassikro";"2026";"BUDGET_PRIMITIF_LOCAL_2026";"";"FCFA";"BUDGET_PRIMITIF_NON_DOCUMENTE";"";"";"";"AUCUNE_PIECE_BP_2026";"";"NON";"Ne pas confondre avec des dotations de l'Etat ou des credits de programme."
"COMMUNE";"inst-com-kouibly";"Mairie de Kouibly";"2026";"BUDGET_PRIMITIF_LOCAL_2026";"";"FCFA";"BUDGET_PRIMITIF_NON_DOCUMENTE";"";"";"";"AUCUNE_PIECE_BP_2026";"";"NON";"Ne pas confondre avec des dotations de l'Etat ou des credits de programme."
"COMMUNE";"inst-com-koumbala";"Mairie de Koumbala";"2026";"BUDGET_PRIMITIF_LOCAL_2026";"";"FCFA";"BUDGET_PRIMITIF_NON_DOCUMENTE";"";"";"";"AUCUNE_PIECE_BP_2026";"";"NON";"Ne pas confondre avec des dotations de l'Etat ou des credits de programme."
"COMMUNE";"inst-com-koun-fao";"Mairie de Koun-fao";"2026";"BUDGET_PRIMITIF_LOCAL_2026";"";"FCFA";"BUDGET_PRIMITIF_NON_DOCUMENTE";"";"";"";"AUCUNE_PIECE_BP_2026";"";"NON";"Ne pas confondre avec des dotations de l'Etat ou des credits de programme."
"COMMUNE";"inst-com-kounahiri";"Mairie de Kounahiri";"2026";"BUDGET_PRIMITIF_LOCAL_2026";"678656000";"FCFA";"MONTANT_PUBLIE_EXACT_A_CORROBORER";"";"";"";"PUBLICATION_SECONDAIRE";"https://www.aip.ci/cote-divoire-aip-le-budget-2026-de-la-mairie-de-kounahiri-oriente-vers-les-infrastructures-de-base/";"OUI_BUDGET_LOCAL_DISTINCT_DES_CP_LFI";"Mairie de Kounahiri & AIP. Budget primitif rapporte le 17 novembre 2025; original de deliberation a corroborer."
"COMMUNE";"inst-com-kouto";"Mairie de Kouto";"2026";"BUDGET_PRIMITIF_LOCAL_2026";"";"FCFA";"BUDGET_PRIMITIF_NON_DOCUMENTE";"";"";"";"AUCUNE_PIECE_BP_2026";"";"NON";"Ne pas confondre avec des dotations de l'Etat ou des credits de programme."
"COMMUNE";"inst-com-lakota";"Mairie de Lakota";"2026";"BUDGET_PRIMITIF_LOCAL_2026";"";"FCFA";"BUDGET_PRIMITIF_NON_DOCUMENTE";"";"";"";"AUCUNE_PIECE_BP_2026";"";"NON";"Ne pas confondre avec des dotations de l'Etat ou des credits de programme."
"COMMUNE";"inst-com-logouale";"Mairie de Logouale";"2026";"BUDGET_PRIMITIF_LOCAL_2026";"";"FCFA";"BUDGET_PRIMITIF_NON_DOCUMENTE";"";"";"";"AUCUNE_PIECE_BP_2026";"";"NON";"Ne pas confondre avec des dotations de l'Etat ou des credits de programme."
"COMMUNE";"inst-com-m-bahiakro";"Mairie de M'bahiakro";"2026";"BUDGET_PRIMITIF_LOCAL_2026";"1165711000";"FCFA";"MONTANT_PUBLIE_EXACT_A_CORROBORER";"";"";"";"PUBLICATION_SECONDAIRE";"https://www.aip.ci/cote-divoire-aip-un-budget-primitif-de-plus-dun-milliard-adopte-pour-booster-les-projets-developpement-de-la-commune-de-mbahiakro/";"OUI_BUDGET_LOCAL_DISTINCT_DES_CP_LFI";"Mairie de M'bahiakro & AIP. Budget primitif rapporte le 7 novembre 2025; original de deliberation a corroborer."
"COMMUNE";"inst-com-m-batto";"Mairie de M'batto";"2026";"BUDGET_PRIMITIF_LOCAL_2026";"";"FCFA";"BUDGET_PRIMITIF_NON_DOCUMENTE";"";"";"";"AUCUNE_PIECE_BP_2026";"";"NON";"Ne pas confondre avec des dotations de l'Etat ou des credits de programme."
"COMMUNE";"inst-com-m-bengue";"Mairie de M'bengue";"2026";"BUDGET_PRIMITIF_LOCAL_2026";"";"FCFA";"BUDGET_PRIMITIF_NON_DOCUMENTE";"";"";"";"AUCUNE_PIECE_BP_2026";"";"NON";"Ne pas confondre avec des dotations de l'Etat ou des credits de programme."
"COMMUNE";"inst-com-madinani";"Mairie de Madinani";"2026";"BUDGET_PRIMITIF_LOCAL_2026";"1073000000";"FCFA";"MONTANT_PUBLIE_ARRONDI";"";"";"";"PUBLICATION_SECONDAIRE";"https://www.aip.ci/cote-divoire-aip-le-budget-municipal-2026-de-madinani-en-hausse-de-plus-de-437-millions-de-f-cfa/";"OUI_BUDGET_LOCAL_DISTINCT_DES_CP_LFI";"Mairie de Madinani & AIP. Budget primitif rapporte le 20 novembre 2025; original de deliberation a corroborer."
"COMMUNE";"inst-com-mafere";"Mairie de Mafere";"2026";"BUDGET_PRIMITIF_LOCAL_2026";"";"FCFA";"BUDGET_PRIMITIF_NON_DOCUMENTE";"";"";"";"AUCUNE_PIECE_BP_2026";"";"NON";"Ne pas confondre avec des dotations de l'Etat ou des credits de programme."
"COMMUNE";"inst-com-man";"Mairie de Man";"2026";"BUDGET_PRIMITIF_LOCAL_2026";"";"FCFA";"BUDGET_PRIMITIF_NON_DOCUMENTE";"";"";"";"AUCUNE_PIECE_BP_2026";"";"NON";"Ne pas confondre avec des dotations de l'Etat ou des credits de programme."
"COMMUNE";"inst-com-mankono";"Mairie de Mankono";"2026";"BUDGET_PRIMITIF_LOCAL_2026";"";"FCFA";"BUDGET_PRIMITIF_NON_DOCUMENTE";"";"";"";"AUCUNE_PIECE_BP_2026";"";"NON";"Ne pas confondre avec des dotations de l'Etat ou des credits de programme."
"COMMUNE";"inst-com-massala";"Mairie de Massala";"2026";"BUDGET_PRIMITIF_LOCAL_2026";"";"FCFA";"BUDGET_PRIMITIF_NON_DOCUMENTE";"";"";"";"AUCUNE_PIECE_BP_2026";"";"NON";"Ne pas confondre avec des dotations de l'Etat ou des credits de programme."
"COMMUNE";"inst-com-mayo";"Mairie de Mayo";"2026";"BUDGET_PRIMITIF_LOCAL_2026";"";"FCFA";"BUDGET_PRIMITIF_NON_DOCUMENTE";"";"";"";"AUCUNE_PIECE_BP_2026";"";"NON";"Ne pas confondre avec des dotations de l'Etat ou des credits de programme."
"COMMUNE";"inst-com-meagui";"Mairie de Meagui";"2026";"BUDGET_PRIMITIF_LOCAL_2026";"";"FCFA";"BUDGET_PRIMITIF_NON_DOCUMENTE";"";"";"";"AUCUNE_PIECE_BP_2026";"";"NON";"Ne pas confondre avec des dotations de l'Etat ou des credits de programme."
"COMMUNE";"inst-com-minignan";"Mairie de Minignan";"2026";"BUDGET_PRIMITIF_LOCAL_2026";"";"FCFA";"BUDGET_PRIMITIF_NON_DOCUMENTE";"";"";"";"AUCUNE_PIECE_BP_2026";"";"NON";"Ne pas confondre avec des dotations de l'Etat ou des credits de programme."
"COMMUNE";"inst-com-morondo";"Mairie de Morondo";"2026";"BUDGET_PRIMITIF_LOCAL_2026";"";"FCFA";"BUDGET_PRIMITIF_NON_DOCUMENTE";"";"";"";"AUCUNE_PIECE_BP_2026";"";"NON";"Ne pas confondre avec des dotations de l'Etat ou des credits de programme."
"COMMUNE";"inst-com-n-douci";"Mairie de N'douci";"2026";"BUDGET_PRIMITIF_LOCAL_2026";"";"FCFA";"BUDGET_PRIMITIF_NON_DOCUMENTE";"";"";"";"AUCUNE_PIECE_BP_2026";"";"NON";"Ne pas confondre avec des dotations de l'Etat ou des credits de programme."
"COMMUNE";"inst-com-napie";"Mairie de Napie";"2026";"BUDGET_PRIMITIF_LOCAL_2026";"";"FCFA";"BUDGET_PRIMITIF_NON_DOCUMENTE";"";"";"";"AUCUNE_PIECE_BP_2026";"";"NON";"Ne pas confondre avec des dotations de l'Etat ou des credits de programme."
"COMMUNE";"inst-com-nassian";"Mairie de Nassian";"2026";"BUDGET_PRIMITIF_LOCAL_2026";"1386957000";"FCFA";"MONTANT_PUBLIE_EXACT_A_CORROBORER";"";"";"";"PUBLICATION_SECONDAIRE";"https://www.aip.ci/cote-divoire-aip-le-budget-2026-considere-comme-le-levier-pour-une-annee-decisive-de-developpement-de-nassian/";"OUI_BUDGET_LOCAL_DISTINCT_DES_CP_LFI";"Mairie de Nassian & AIP. Budget primitif rapporte le 15 février 2026; original de deliberation a corroborer."
"COMMUNE";"inst-com-niable";"Mairie de Niable";"2026";"BUDGET_PRIMITIF_LOCAL_2026";"";"FCFA";"BUDGET_PRIMITIF_NON_DOCUMENTE";"";"";"";"AUCUNE_PIECE_BP_2026";"";"NON";"Ne pas confondre avec des dotations de l'Etat ou des credits de programme."
"COMMUNE";"inst-com-niakaramadougou";"Mairie de Niakaramadougou";"2026";"BUDGET_PRIMITIF_LOCAL_2026";"";"FCFA";"BUDGET_PRIMITIF_NON_DOCUMENTE";"";"";"";"AUCUNE_PIECE_BP_2026";"";"NON";"Ne pas confondre avec des dotations de l'Etat ou des credits de programme."
"COMMUNE";"inst-com-nielle";"Mairie de Nielle";"2026";"BUDGET_PRIMITIF_LOCAL_2026";"";"FCFA";"BUDGET_PRIMITIF_NON_DOCUMENTE";"";"";"";"AUCUNE_PIECE_BP_2026";"";"NON";"Ne pas confondre avec des dotations de l'Etat ou des credits de programme."
"COMMUNE";"inst-com-niofoin";"Mairie de Niofoin";"2026";"BUDGET_PRIMITIF_LOCAL_2026";"";"FCFA";"BUDGET_PRIMITIF_NON_DOCUMENTE";"";"";"";"AUCUNE_PIECE_BP_2026";"";"NON";"Ne pas confondre avec des dotations de l'Etat ou des credits de programme."
"COMMUNE";"inst-com-odienne";"Mairie de Odienne";"2026";"BUDGET_PRIMITIF_LOCAL_2026";"";"FCFA";"BUDGET_PRIMITIF_NON_DOCUMENTE";"";"";"";"AUCUNE_PIECE_BP_2026";"";"NON";"Ne pas confondre avec des dotations de l'Etat ou des credits de programme."
"COMMUNE";"inst-com-ouangolodougou";"Mairie de Ouangolodougou";"2026";"BUDGET_PRIMITIF_LOCAL_2026";"1065522000";"FCFA";"MONTANT_PUBLIE_EXACT_A_CORROBORER";"";"";"";"PUBLICATION_SECONDAIRE";"https://www.aip.ci/cote-divoire-aip-un-budget-2026-tourne-vers-linvestissement-et-les-attentes-citoyennes-a-ouangolodougou/";"OUI_BUDGET_LOCAL_DISTINCT_DES_CP_LFI";"Mairie de Ouangolodougou & AIP. Budget primitif rapporte le 15 février 2026; original de deliberation a corroborer."
"COMMUNE";"inst-com-ouaninou";"Mairie de Ouaninou";"2026";"BUDGET_PRIMITIF_LOCAL_2026";"";"FCFA";"BUDGET_PRIMITIF_NON_DOCUMENTE";"";"";"";"AUCUNE_PIECE_BP_2026";"";"NON";"Ne pas confondre avec des dotations de l'Etat ou des credits de programme."
"COMMUNE";"inst-com-ouelle";"Mairie de Ouelle";"2026";"BUDGET_PRIMITIF_LOCAL_2026";"860513000";"FCFA";"MONTANT_PUBLIE_EXACT_A_CORROBORER";"";"";"";"PUBLICATION_SECONDAIRE";"https://www.aip.ci/cote-divoire-aip-le-budget-primitif-2026-de-la-commune-de-ouelle-en-hausse-de-plus-de-50/";"OUI_BUDGET_LOCAL_DISTINCT_DES_CP_LFI";"Mairie de Ouelle & AIP. Budget primitif rapporte le 3 novembre 2025; original de deliberation a corroborer."
"COMMUNE";"inst-com-oume";"Mairie de Oume";"2026";"BUDGET_PRIMITIF_LOCAL_2026";"";"FCFA";"BUDGET_PRIMITIF_NON_DOCUMENTE";"";"";"";"AUCUNE_PIECE_BP_2026";"";"NON";"Ne pas confondre avec des dotations de l'Etat ou des credits de programme."
"COMMUNE";"inst-com-ouragahio";"Mairie de Ouragahio";"2026";"BUDGET_PRIMITIF_LOCAL_2026";"";"FCFA";"BUDGET_PRIMITIF_NON_DOCUMENTE";"";"";"";"AUCUNE_PIECE_BP_2026";"";"NON";"Ne pas confondre avec des dotations de l'Etat ou des credits de programme."
"COMMUNE";"inst-com-prikro";"Mairie de Prikro";"2026";"BUDGET_PRIMITIF_LOCAL_2026";"";"FCFA";"BUDGET_PRIMITIF_NON_DOCUMENTE";"";"";"";"AUCUNE_PIECE_BP_2026";"";"NON";"Ne pas confondre avec des dotations de l'Etat ou des credits de programme."
"COMMUNE";"inst-com-rubino";"Mairie de Rubino";"2026";"BUDGET_PRIMITIF_LOCAL_2026";"";"FCFA";"BUDGET_PRIMITIF_NON_DOCUMENTE";"";"";"";"AUCUNE_PIECE_BP_2026";"";"NON";"Ne pas confondre avec des dotations de l'Etat ou des credits de programme."
"COMMUNE";"inst-com-saioua";"Mairie de Saioua";"2026";"BUDGET_PRIMITIF_LOCAL_2026";"";"FCFA";"BUDGET_PRIMITIF_NON_DOCUMENTE";"";"";"";"AUCUNE_PIECE_BP_2026";"";"NON";"Ne pas confondre avec des dotations de l'Etat ou des credits de programme."
"COMMUNE";"inst-com-sakassou";"Mairie de Sakassou";"2026";"BUDGET_PRIMITIF_LOCAL_2026";"";"FCFA";"BUDGET_PRIMITIF_NON_DOCUMENTE";"";"";"";"AUCUNE_PIECE_BP_2026";"";"NON";"Ne pas confondre avec des dotations de l'Etat ou des credits de programme."
"COMMUNE";"inst-com-samatiguila";"Mairie de Samatiguila";"2026";"BUDGET_PRIMITIF_LOCAL_2026";"";"FCFA";"BUDGET_PRIMITIF_NON_DOCUMENTE";"";"";"";"AUCUNE_PIECE_BP_2026";"";"NON";"Ne pas confondre avec des dotations de l'Etat ou des credits de programme."
"COMMUNE";"inst-com-san-pedro";"Mairie de San-pedro";"2026";"BUDGET_PRIMITIF_LOCAL_2026";"";"FCFA";"BUDGET_PRIMITIF_NON_DOCUMENTE";"";"";"";"AUCUNE_PIECE_BP_2026";"";"NON";"Ne pas confondre avec des dotations de l'Etat ou des credits de programme."
"COMMUNE";"inst-com-sandegue";"Mairie de Sandegue";"2026";"BUDGET_PRIMITIF_LOCAL_2026";"";"FCFA";"BUDGET_PRIMITIF_NON_DOCUMENTE";"";"";"";"AUCUNE_PIECE_BP_2026";"";"NON";"Ne pas confondre avec des dotations de l'Etat ou des credits de programme."
"COMMUNE";"inst-com-sangouine";"Mairie de Sangouine";"2026";"BUDGET_PRIMITIF_LOCAL_2026";"";"FCFA";"BUDGET_PRIMITIF_NON_DOCUMENTE";"";"";"";"AUCUNE_PIECE_BP_2026";"";"NON";"Ne pas confondre avec des dotations de l'Etat ou des credits de programme."
"COMMUNE";"inst-com-sarhala";"Mairie de Sarhala";"2026";"BUDGET_PRIMITIF_LOCAL_2026";"";"FCFA";"BUDGET_PRIMITIF_NON_DOCUMENTE";"";"";"";"AUCUNE_PIECE_BP_2026";"";"NON";"Ne pas confondre avec des dotations de l'Etat ou des credits de programme."
"COMMUNE";"inst-com-sassandra";"Mairie de Sassandra";"2026";"BUDGET_PRIMITIF_LOCAL_2026";"";"FCFA";"BUDGET_PRIMITIF_NON_DOCUMENTE";"";"";"";"AUCUNE_PIECE_BP_2026";"";"NON";"Ne pas confondre avec des dotations de l'Etat ou des credits de programme."
"COMMUNE";"inst-com-satama-sokoro";"Mairie de Satama-sokoro";"2026";"BUDGET_PRIMITIF_LOCAL_2026";"";"FCFA";"BUDGET_PRIMITIF_NON_DOCUMENTE";"";"";"";"AUCUNE_PIECE_BP_2026";"";"NON";"Ne pas confondre avec des dotations de l'Etat ou des credits de programme."
"COMMUNE";"inst-com-satama-sokoura";"Mairie de Satama-sokoura";"2026";"BUDGET_PRIMITIF_LOCAL_2026";"";"FCFA";"BUDGET_PRIMITIF_NON_DOCUMENTE";"";"";"";"AUCUNE_PIECE_BP_2026";"";"NON";"Ne pas confondre avec des dotations de l'Etat ou des credits de programme."
"COMMUNE";"inst-com-seguela";"Mairie de Seguela";"2026";"BUDGET_PRIMITIF_LOCAL_2026";"";"FCFA";"BUDGET_PRIMITIF_NON_DOCUMENTE";"";"";"";"AUCUNE_PIECE_BP_2026";"";"NON";"Ne pas confondre avec des dotations de l'Etat ou des credits de programme."
"COMMUNE";"inst-com-seguelon";"Mairie de Seguelon";"2026";"BUDGET_PRIMITIF_LOCAL_2026";"";"FCFA";"BUDGET_PRIMITIF_NON_DOCUMENTE";"";"";"";"AUCUNE_PIECE_BP_2026";"";"NON";"Ne pas confondre avec des dotations de l'Etat ou des credits de programme."
"COMMUNE";"inst-com-seydougou";"Mairie de Seydougou";"2026";"BUDGET_PRIMITIF_LOCAL_2026";"";"FCFA";"BUDGET_PRIMITIF_NON_DOCUMENTE";"";"";"";"AUCUNE_PIECE_BP_2026";"";"NON";"Ne pas confondre avec des dotations de l'Etat ou des credits de programme."
"COMMUNE";"inst-com-sifie";"Mairie de Sifie";"2026";"BUDGET_PRIMITIF_LOCAL_2026";"";"FCFA";"BUDGET_PRIMITIF_NON_DOCUMENTE";"";"";"";"AUCUNE_PIECE_BP_2026";"";"NON";"Ne pas confondre avec des dotations de l'Etat ou des credits de programme."
"COMMUNE";"inst-com-sikensi";"Mairie de Sikensi";"2026";"BUDGET_PRIMITIF_LOCAL_2026";"";"FCFA";"BUDGET_PRIMITIF_NON_DOCUMENTE";"";"";"";"AUCUNE_PIECE_BP_2026";"";"NON";"Ne pas confondre avec des dotations de l'Etat ou des credits de programme."
"COMMUNE";"inst-com-sinematiali";"Mairie de Sinematiali";"2026";"BUDGET_PRIMITIF_LOCAL_2026";"";"FCFA";"BUDGET_PRIMITIF_NON_DOCUMENTE";"";"";"";"AUCUNE_PIECE_BP_2026";"";"NON";"Ne pas confondre avec des dotations de l'Etat ou des credits de programme."
"COMMUNE";"inst-com-sinfra";"Mairie de Sinfra";"2026";"BUDGET_PRIMITIF_LOCAL_2026";"";"FCFA";"BUDGET_PRIMITIF_NON_DOCUMENTE";"";"";"";"AUCUNE_PIECE_BP_2026";"";"NON";"Ne pas confondre avec des dotations de l'Etat ou des credits de programme."
"COMMUNE";"inst-com-sipilou";"Mairie de Sipilou";"2026";"BUDGET_PRIMITIF_LOCAL_2026";"";"FCFA";"BUDGET_PRIMITIF_NON_DOCUMENTE";"";"";"";"AUCUNE_PIECE_BP_2026";"";"NON";"Ne pas confondre avec des dotations de l'Etat ou des credits de programme."
"COMMUNE";"inst-com-sirasso";"Mairie de Sirasso";"2026";"BUDGET_PRIMITIF_LOCAL_2026";"";"FCFA";"BUDGET_PRIMITIF_NON_DOCUMENTE";"";"";"";"AUCUNE_PIECE_BP_2026";"";"NON";"Ne pas confondre avec des dotations de l'Etat ou des credits de programme."
"COMMUNE";"inst-com-songon";"Mairie de Songon";"2026";"BUDGET_PRIMITIF_LOCAL_2026";"";"FCFA";"BUDGET_PRIMITIF_NON_DOCUMENTE";"";"";"";"AUCUNE_PIECE_BP_2026";"";"NON";"Ne pas confondre avec des dotations de l'Etat ou des credits de programme."
"COMMUNE";"inst-com-soubre";"Mairie de Soubre";"2026";"BUDGET_PRIMITIF_LOCAL_2026";"";"FCFA";"BUDGET_PRIMITIF_NON_DOCUMENTE";"";"";"";"AUCUNE_PIECE_BP_2026";"";"NON";"Ne pas confondre avec des dotations de l'Etat ou des credits de programme."
"COMMUNE";"inst-com-taabo";"Mairie de Taabo";"2026";"BUDGET_PRIMITIF_LOCAL_2026";"";"FCFA";"BUDGET_PRIMITIF_NON_DOCUMENTE";"";"";"";"AUCUNE_PIECE_BP_2026";"";"NON";"Ne pas confondre avec des dotations de l'Etat ou des credits de programme."
"COMMUNE";"inst-com-tabou";"Mairie de Tabou";"2026";"BUDGET_PRIMITIF_LOCAL_2026";"";"FCFA";"BUDGET_PRIMITIF_NON_DOCUMENTE";"";"";"";"AUCUNE_PIECE_BP_2026";"";"NON";"Ne pas confondre avec des dotations de l'Etat ou des credits de programme."
"COMMUNE";"inst-com-tafire";"Mairie de Tafire";"2026";"BUDGET_PRIMITIF_LOCAL_2026";"825150000";"FCFA";"MONTANT_PUBLIE_EXACT_A_CORROBORER";"";"";"";"PUBLICATION_SECONDAIRE";"https://www.aip.ci/cote-divoire-aip-un-budget-de-plus-de-825-millions-fcfa-adopte-pour-accelerer-le-developpement-communal-de-tafire-en-2026/";"OUI_BUDGET_LOCAL_DISTINCT_DES_CP_LFI";"Mairie de Tafire & AIP. Budget primitif rapporte le 19 février 2026; original de deliberation a corroborer."
"COMMUNE";"inst-com-tai";"Mairie de Tai";"2026";"BUDGET_PRIMITIF_LOCAL_2026";"";"FCFA";"BUDGET_PRIMITIF_NON_DOCUMENTE";"";"";"";"AUCUNE_PIECE_BP_2026";"";"NON";"Ne pas confondre avec des dotations de l'Etat ou des credits de programme."
"COMMUNE";"inst-com-tanda";"Mairie de Tanda";"2026";"BUDGET_PRIMITIF_LOCAL_2026";"1020584000";"FCFA";"MONTANT_PUBLIE_EXACT_A_CORROBORER";"";"";"";"PUBLICATION_SECONDAIRE";"https://www.aip.ci/cote-divoire-aip-le-budget-primitif-2026-de-la-mairie-de-tanda-en-hausse-de-1445/";"OUI_BUDGET_LOCAL_DISTINCT_DES_CP_LFI";"Mairie de Tanda & AIP. Budget primitif rapporte le 17 novembre 2025; original de deliberation a corroborer."
"COMMUNE";"inst-com-tehini";"Mairie de Tehini";"2026";"BUDGET_PRIMITIF_LOCAL_2026";"";"FCFA";"BUDGET_PRIMITIF_NON_DOCUMENTE";"";"";"";"AUCUNE_PIECE_BP_2026";"";"NON";"Ne pas confondre avec des dotations de l'Etat ou des credits de programme."
"COMMUNE";"inst-com-tengrela";"Mairie de Tengrela";"2026";"BUDGET_PRIMITIF_LOCAL_2026";"";"FCFA";"BUDGET_PRIMITIF_NON_DOCUMENTE";"";"";"";"AUCUNE_PIECE_BP_2026";"";"NON";"Ne pas confondre avec des dotations de l'Etat ou des credits de programme."
"COMMUNE";"inst-com-tiapoum";"Mairie de Tiapoum";"2026";"BUDGET_PRIMITIF_LOCAL_2026";"";"FCFA";"BUDGET_PRIMITIF_NON_DOCUMENTE";"";"";"";"AUCUNE_PIECE_BP_2026";"";"NON";"Ne pas confondre avec des dotations de l'Etat ou des credits de programme."
"COMMUNE";"inst-com-tiassale";"Mairie de Tiassale";"2026";"BUDGET_PRIMITIF_LOCAL_2026";"";"FCFA";"BUDGET_PRIMITIF_NON_DOCUMENTE";"";"";"";"AUCUNE_PIECE_BP_2026";"";"NON";"Ne pas confondre avec des dotations de l'Etat ou des credits de programme."
"COMMUNE";"inst-com-tie-n-diekro";"Mairie de Tie-n'diekro";"2026";"BUDGET_PRIMITIF_LOCAL_2026";"";"FCFA";"BUDGET_PRIMITIF_NON_DOCUMENTE";"";"";"";"AUCUNE_PIECE_BP_2026";"";"NON";"Ne pas confondre avec des dotations de l'Etat ou des credits de programme."
"COMMUNE";"inst-com-tiebissou";"Mairie de Tiebissou";"2026";"BUDGET_PRIMITIF_LOCAL_2026";"943219000";"FCFA";"MONTANT_PUBLIE_EXACT_A_CORROBORER";"";"";"";"PUBLICATION_SECONDAIRE";"https://www.aip.ci/cote-divoire-aip-le-maire-de-tiebissou-explique-la-hausse-du-budget-primitif-de-lexercice-2026/";"OUI_BUDGET_LOCAL_DISTINCT_DES_CP_LFI";"Mairie de Tiebissou & AIP. Budget primitif rapporte le 16 octobre 2025; original de deliberation a corroborer."
"COMMUNE";"inst-com-tieme";"Mairie de Tieme";"2026";"BUDGET_PRIMITIF_LOCAL_2026";"";"FCFA";"BUDGET_PRIMITIF_NON_DOCUMENTE";"";"";"";"AUCUNE_PIECE_BP_2026";"";"NON";"Ne pas confondre avec des dotations de l'Etat ou des credits de programme."
"COMMUNE";"inst-com-tiemelekro";"Mairie de Tiemelekro";"2026";"BUDGET_PRIMITIF_LOCAL_2026";"";"FCFA";"BUDGET_PRIMITIF_NON_DOCUMENTE";"";"";"";"AUCUNE_PIECE_BP_2026";"";"NON";"Ne pas confondre avec des dotations de l'Etat ou des credits de programme."
"COMMUNE";"inst-com-tieningboue";"Mairie de Tieningboue";"2026";"BUDGET_PRIMITIF_LOCAL_2026";"";"FCFA";"BUDGET_PRIMITIF_NON_DOCUMENTE";"";"";"";"AUCUNE_PIECE_BP_2026";"";"NON";"Ne pas confondre avec des dotations de l'Etat ou des credits de programme."
"COMMUNE";"inst-com-tienko";"Mairie de Tienko";"2026";"BUDGET_PRIMITIF_LOCAL_2026";"";"FCFA";"BUDGET_PRIMITIF_NON_DOCUMENTE";"";"";"";"AUCUNE_PIECE_BP_2026";"";"NON";"Ne pas confondre avec des dotations de l'Etat ou des credits de programme."
"COMMUNE";"inst-com-tioroniaradougou";"Mairie de Tioroniaradougou";"2026";"BUDGET_PRIMITIF_LOCAL_2026";"";"FCFA";"BUDGET_PRIMITIF_NON_DOCUMENTE";"";"";"";"AUCUNE_PIECE_BP_2026";"";"NON";"Ne pas confondre avec des dotations de l'Etat ou des credits de programme."
"COMMUNE";"inst-com-tortiya";"Mairie de Tortiya";"2026";"BUDGET_PRIMITIF_LOCAL_2026";"";"FCFA";"BUDGET_PRIMITIF_NON_DOCUMENTE";"";"";"";"AUCUNE_PIECE_BP_2026";"";"NON";"Ne pas confondre avec des dotations de l'Etat ou des credits de programme."
"COMMUNE";"inst-com-touba";"Mairie de Touba";"2026";"BUDGET_PRIMITIF_LOCAL_2026";"";"FCFA";"BUDGET_PRIMITIF_NON_DOCUMENTE";"";"";"";"AUCUNE_PIECE_BP_2026";"";"NON";"Ne pas confondre avec des dotations de l'Etat ou des credits de programme."
"COMMUNE";"inst-com-toulepleu";"Mairie de Toulepleu";"2026";"BUDGET_PRIMITIF_LOCAL_2026";"";"FCFA";"BUDGET_PRIMITIF_NON_DOCUMENTE";"";"";"";"AUCUNE_PIECE_BP_2026";"";"NON";"Ne pas confondre avec des dotations de l'Etat ou des credits de programme."
"COMMUNE";"inst-com-toumodi";"Mairie de Toumodi";"2026";"BUDGET_PRIMITIF_LOCAL_2026";"1300000000";"FCFA";"BORNE_PUBLIEE_NON_EXACTE";"";"";"";"PUBLICATION_SECONDAIRE";"https://www.aip.ci/cote-divoire-aip-le-budget-primitif-2026-de-la-mairie-de-toumodi-adopte-a-plus-de-13-milliard-fcfa/";"OUI_BUDGET_LOCAL_DISTINCT_DES_CP_LFI";"Mairie de Toumodi & AIP. Budget primitif rapporte le 1 octobre 2025; original de deliberation a corroborer."
"COMMUNE";"inst-com-transua";"Mairie de Transua";"2026";"BUDGET_PRIMITIF_LOCAL_2026";"";"FCFA";"BUDGET_PRIMITIF_NON_DOCUMENTE";"";"";"";"AUCUNE_PIECE_BP_2026";"";"NON";"Ne pas confondre avec des dotations de l'Etat ou des credits de programme."
"COMMUNE";"inst-com-vavoua";"Mairie de Vavoua";"2026";"BUDGET_PRIMITIF_LOCAL_2026";"1689000000";"FCFA";"MONTANT_PUBLIE_EXACT_A_CORROBORER";"";"";"";"PUBLICATION_SECONDAIRE";"https://www.aip.ci/cote-divoire-aip-budget-primitif-2026-plus-de-16-milliards-f-cfa-adoptes-par-le-conseil-municipal-de-vavoua/";"OUI_BUDGET_LOCAL_DISTINCT_DES_CP_LFI";"Mairie de Vavoua & AIP. Budget primitif rapporte le 16 novembre 2025; original de deliberation a corroborer."
"COMMUNE";"inst-com-worofla";"Mairie de Worofla";"2026";"BUDGET_PRIMITIF_LOCAL_2026";"";"FCFA";"BUDGET_PRIMITIF_NON_DOCUMENTE";"";"";"";"AUCUNE_PIECE_BP_2026";"";"NON";"Ne pas confondre avec des dotations de l'Etat ou des credits de programme."
"COMMUNE";"inst-com-yakasse-attobrou";"Mairie de Yakasse-attobrou";"2026";"BUDGET_PRIMITIF_LOCAL_2026";"";"FCFA";"BUDGET_PRIMITIF_NON_DOCUMENTE";"";"";"";"AUCUNE_PIECE_BP_2026";"";"NON";"Ne pas confondre avec des dotations de l'Etat ou des credits de programme."
"COMMUNE";"inst-com-yamoussoukro";"Mairie de Yamoussoukro";"2026";"BUDGET_PRIMITIF_LOCAL_2026";"";"FCFA";"BUDGET_PRIMITIF_NON_DOCUMENTE";"";"";"";"AUCUNE_PIECE_BP_2026";"";"NON";"Ne pas confondre avec des dotations de l'Etat ou des credits de programme."
"COMMUNE";"inst-com-zikisso";"Mairie de Zikisso";"2026";"BUDGET_PRIMITIF_LOCAL_2026";"";"FCFA";"BUDGET_PRIMITIF_NON_DOCUMENTE";"";"";"";"AUCUNE_PIECE_BP_2026";"";"NON";"Ne pas confondre avec des dotations de l'Etat ou des credits de programme."
"COMMUNE";"inst-com-zouan-hounien";"Mairie de Zouan-hounien";"2026";"BUDGET_PRIMITIF_LOCAL_2026";"";"FCFA";"BUDGET_PRIMITIF_NON_DOCUMENTE";"";"";"";"AUCUNE_PIECE_BP_2026";"";"NON";"Ne pas confondre avec des dotations de l'Etat ou des credits de programme."
"COMMUNE";"inst-com-zoukougbeu";"Mairie de Zoukougbeu";"2026";"BUDGET_PRIMITIF_LOCAL_2026";"";"FCFA";"BUDGET_PRIMITIF_NON_DOCUMENTE";"";"";"";"AUCUNE_PIECE_BP_2026";"";"NON";"Ne pas confondre avec des dotations de l'Etat ou des credits de programme."
"COMMUNE";"inst-com-zuenoula";"Mairie de Zuenoula";"2026";"BUDGET_PRIMITIF_LOCAL_2026";"";"FCFA";"BUDGET_PRIMITIF_NON_DOCUMENTE";"";"";"";"AUCUNE_PIECE_BP_2026";"";"NON";"Ne pas confondre avec des dotations de l'Etat ou des credits de programme."
"CONSEIL_REGIONAL";"inst-reg-conseil-regional-de-l-agneby-tiassa";"Conseil Régional de l'Agneby-Tiassa";"2026";"BUDGET_PRIMITIF_LOCAL_2026";"6194348000";"FCFA";"MONTANT_PUBLIE_EXACT_A_CORROBORER";"";"";"";"PUBLICATION_SECONDAIRE";"https://www.aip.ci/cote-divoire-aip-le-conseil-regional-de-lagneby-tiassa-autorise-lexecution-dun-budget-de-plus-de-6-milliards-fcfa-en-2026/";"OUI_BUDGET_LOCAL_DISTINCT_DES_CP_LFI";"Conseil Régional de l'Agneby-Tiassa & AIP. Budget primitif rapporte le 22 février 2026; original de deliberation a corroborer."
"CONSEIL_REGIONAL";"inst-reg-conseil-regional-de-l-iffou";"Conseil Régional de l'Iffou";"2026";"BUDGET_PRIMITIF_LOCAL_2026";"";"FCFA";"BUDGET_PRIMITIF_NON_DOCUMENTE";"";"";"";"AUCUNE_PIECE_BP_2026";"";"NON";"Ne pas confondre avec des dotations de l'Etat ou des credits de programme."
"CONSEIL_REGIONAL";"inst-reg-conseil-regional-de-l-indenie-djuablin";"Conseil Régional de l'Indenié-Djuablin";"2026";"BUDGET_PRIMITIF_LOCAL_2026";"6636325000";"FCFA";"MONTANT_PUBLIE_EXACT_A_CORROBORER";"";"";"";"PUBLICATION_SECONDAIRE";"https://www.fratmat.info/article/2637459/regions/indenie-djuablin-le-conseil-regional-adopte-un-budget-2026-de-plus-de-66-milliards-fcfa";"OUI_BUDGET_LOCAL_DISTINCT_DES_CP_LFI";"Conseil Régional de l'Indenié-Djuablin & Fraternité Matin. Budget primitif rapporte le 10 octobre 2025; original de deliberation a corroborer."
"CONSEIL_REGIONAL";"inst-reg-conseil-regional-de-la-bagoue";"Conseil Régional de la Bagoué";"2026";"BUDGET_PRIMITIF_LOCAL_2026";"8869000000";"FCFA";"MONTANT_PUBLIE_ARRONDI";"";"";"";"PUBLICATION_SECONDAIRE";"https://www.aip.ci/cote-divoire-aip-le-conseil-regional-de-la-bagoue-adopte-un-budget-primitif-2026-de-plus-de-886-milliards-fcfa/";"OUI_BUDGET_LOCAL_DISTINCT_DES_CP_LFI";"Conseil Régional de la Bagoué & AIP. Budget primitif rapporte le 26 novembre 2025; original de deliberation a corroborer."
"CONSEIL_REGIONAL";"inst-reg-conseil-regional-de-la-marahoue";"Conseil Régional de la Marahoué";"2026";"BUDGET_PRIMITIF_LOCAL_2026";"";"FCFA";"BUDGET_PRIMITIF_NON_DOCUMENTE";"";"";"";"AUCUNE_PIECE_BP_2026";"";"NON";"Ne pas confondre avec des dotations de l'Etat ou des credits de programme."
"CONSEIL_REGIONAL";"inst-reg-conseil-regional-de-la-me";"Conseil Régional de La Mé";"2026";"BUDGET_PRIMITIF_LOCAL_2026";"6425299000";"FCFA";"MONTANT_PUBLIE_EXACT_A_CORROBORER";"";"";"";"PUBLICATION_SECONDAIRE";"https://www.koaci.com/article/2025/11/17/cote-divoire/politique/cote-divoire-conseil-regional-de-la-me-20-nouveaux-projets-inscrits-au-budget-primitif-de-lexercice-2026_192008.html";"OUI_BUDGET_LOCAL_DISTINCT_DES_CP_LFI";"Conseil Régional de La Mé & KOACI. Budget primitif rapporte le 17 novembre 2025; original de deliberation a corroborer."
"CONSEIL_REGIONAL";"inst-reg-conseil-regional-de-la-nawa";"Conseil Régional de la Nawa";"2026";"BUDGET_PRIMITIF_LOCAL_2026";"";"FCFA";"BUDGET_PRIMITIF_NON_DOCUMENTE";"";"";"";"AUCUNE_PIECE_BP_2026";"";"NON";"Ne pas confondre avec des dotations de l'Etat ou des credits de programme."
"CONSEIL_REGIONAL";"inst-reg-conseil-regional-de-san-pedro";"Conseil Régional de San Pedro";"2026";"BUDGET_PRIMITIF_LOCAL_2026";"8303834000";"FCFA";"MONTANT_PUBLIE_EXACT_A_CORROBORER";"";"";"";"PUBLICATION_SECONDAIRE";"https://www.koaci.com/index.php/article/2026/08/22/cote-divoire/politique/cote-divoire-2e-session-ordinaire-le-conseil-regional-de-san-pedro-adopte-son-programme-triennal-202762029-de-plus-de-15-milliards-fcfa_199778.html";"OUI_BUDGET_LOCAL_DISTINCT_DES_CP_LFI";"Conseil Régional de San Pedro & KOACI. Budget primitif rapporte le 22 août 2026; original de deliberation a corroborer."
"CONSEIL_REGIONAL";"inst-reg-conseil-regional-des-grands-ponts";"Conseil Régional des Grands Ponts";"2026";"BUDGET_PRIMITIF_LOCAL_2026";"";"FCFA";"BUDGET_PRIMITIF_NON_DOCUMENTE";"";"";"";"AUCUNE_PIECE_BP_2026";"";"NON";"Ne pas confondre avec des dotations de l'Etat ou des credits de programme."
"CONSEIL_REGIONAL";"inst-reg-conseil-regional-du-bafing";"Conseil Régional du Bafing";"2026";"BUDGET_PRIMITIF_LOCAL_2026";"";"FCFA";"BUDGET_PRIMITIF_NON_DOCUMENTE";"";"";"";"AUCUNE_PIECE_BP_2026";"";"NON";"Ne pas confondre avec des dotations de l'Etat ou des credits de programme."
"CONSEIL_REGIONAL";"inst-reg-conseil-regional-du-belier";"Conseil Régional du Bélier";"2026";"BUDGET_PRIMITIF_LOCAL_2026";"";"FCFA";"BUDGET_PRIMITIF_NON_DOCUMENTE";"";"";"";"AUCUNE_PIECE_BP_2026";"";"NON";"Ne pas confondre avec des dotations de l'Etat ou des credits de programme."
"CONSEIL_REGIONAL";"inst-reg-conseil-regional-du-bere";"Conseil Régional du Béré";"2026";"BUDGET_PRIMITIF_LOCAL_2026";"5428716000";"FCFA";"MONTANT_PUBLIE_EXACT_A_CORROBORER";"";"";"";"PUBLICATION_SECONDAIRE";"https://www.aip.ci/cote-divoire-aip-le-conseil-regional-du-bere-adopte-un-budget-2026-de-plus-de-54-milliards-fcfa/";"OUI_BUDGET_LOCAL_DISTINCT_DES_CP_LFI";"Conseil Régional du Béré & AIP. Budget primitif rapporte le 1 mars 2026; original de deliberation a corroborer."
"CONSEIL_REGIONAL";"inst-reg-conseil-regional-du-bounkani";"Conseil Régional du Bounkani";"2026";"BUDGET_PRIMITIF_LOCAL_2026";"";"FCFA";"BUDGET_PRIMITIF_NON_DOCUMENTE";"";"";"";"AUCUNE_PIECE_BP_2026";"";"NON";"Ne pas confondre avec des dotations de l'Etat ou des credits de programme."
"CONSEIL_REGIONAL";"inst-reg-conseil-regional-du-cavally";"Conseil Régional du Cavally";"2026";"BUDGET_PRIMITIF_LOCAL_2026";"8273587000";"FCFA";"MONTANT_PUBLIE_EXACT_A_CORROBORER";"";"";"";"PUBLICATION_SECONDAIRE";"https://www.koaci.com/article/2026/02/08/cote-divoire/politique/cote-divoire-conseil-regional-du-cavally-un-budget-de-8-273-587-000-fcfa-destine-a-financer-des-projets-structurants-dans-plusieurs-domaines_194176.html";"OUI_BUDGET_LOCAL_DISTINCT_DES_CP_LFI";"Conseil Régional du Cavally & KOACI. Budget primitif rapporte le 8 février 2026; original de deliberation a corroborer."
"CONSEIL_REGIONAL";"inst-reg-conseil-regional-du-folon";"Conseil Régional du Folon";"2026";"BUDGET_PRIMITIF_LOCAL_2026";"";"FCFA";"BUDGET_PRIMITIF_NON_DOCUMENTE";"";"";"";"AUCUNE_PIECE_BP_2026";"";"NON";"Ne pas confondre avec des dotations de l'Etat ou des credits de programme."
"CONSEIL_REGIONAL";"inst-reg-conseil-regional-du-gbeke";"Conseil Régional du Gbêkê";"2026";"BUDGET_PRIMITIF_LOCAL_2026";"10581000000";"FCFA";"MONTANT_PUBLIE_ARRONDI";"";"";"";"PUBLICATION_SECONDAIRE";"https://www.aip.ci/electionpresidentielle2025/article.php?id=396404";"OUI_BUDGET_LOCAL_DISTINCT_DES_CP_LFI";"Conseil Régional du Gbêkê & AIP. Budget primitif rapporte le 25 juillet 2026; original de deliberation a corroborer."
"CONSEIL_REGIONAL";"inst-reg-conseil-regional-du-gbokle";"Conseil Régional du Gbôklè";"2026";"BUDGET_PRIMITIF_LOCAL_2026";"";"FCFA";"BUDGET_PRIMITIF_NON_DOCUMENTE";"";"";"";"AUCUNE_PIECE_BP_2026";"";"NON";"Ne pas confondre avec des dotations de l'Etat ou des credits de programme."
"CONSEIL_REGIONAL";"inst-reg-conseil-regional-du-goh";"Conseil Régional du Gôh";"2026";"BUDGET_PRIMITIF_LOCAL_2026";"";"FCFA";"BUDGET_PRIMITIF_NON_DOCUMENTE";"";"";"";"AUCUNE_PIECE_BP_2026";"";"NON";"Ne pas confondre avec des dotations de l'Etat ou des credits de programme."
"CONSEIL_REGIONAL";"inst-reg-conseil-regional-du-gontougo";"Conseil Régional du Gontougo";"2026";"BUDGET_PRIMITIF_LOCAL_2026";"3000000000";"FCFA";"BORNE_PUBLIEE_NON_EXACTE";"";"";"";"PUBLICATION_SECONDAIRE";"https://www.aip.ci/cote-divoire-aip-bondoukou-le-conseil-regional-du-gontougo-renforce-le-developpement-local-lors-de-sa-session/";"OUI_BUDGET_LOCAL_DISTINCT_DES_CP_LFI";"Conseil Régional du Gontougo & AIP. Budget primitif rapporte le 8 novembre 2025; original de deliberation a corroborer."
"CONSEIL_REGIONAL";"inst-reg-conseil-regional-du-guemon";"Conseil Régional du Guémon";"2026";"BUDGET_PRIMITIF_LOCAL_2026";"";"FCFA";"BUDGET_PRIMITIF_NON_DOCUMENTE";"";"";"";"AUCUNE_PIECE_BP_2026";"";"NON";"Ne pas confondre avec des dotations de l'Etat ou des credits de programme."
"CONSEIL_REGIONAL";"inst-reg-conseil-regional-du-hambol";"Conseil Régional du Hambol";"2026";"BUDGET_PRIMITIF_LOCAL_2026";"6690000000";"FCFA";"MONTANT_PUBLIE_EXACT_A_CORROBORER";"";"";"";"PUBLICATION_SECONDAIRE";"https://www.koaci.com/article/2025/10/31/cote-divoire/societe/cote-divoire-region-du-hambol-un-programme-de-construction-de-40-logements-sociaux-pour-enseignants-lance-le-budget-primitif-2026-arrete-a-6690-milliards-fcfa_191653.html";"OUI_BUDGET_LOCAL_DISTINCT_DES_CP_LFI";"Conseil Régional du Hambol & KOACI. Budget primitif rapporte le 31 octobre 2025; original de deliberation a corroborer."
"CONSEIL_REGIONAL";"inst-reg-conseil-regional-du-haut-sassandra";"Conseil Régional du Haut Sassandra";"2026";"BUDGET_PRIMITIF_LOCAL_2026";"9290000000";"FCFA";"MONTANT_PUBLIE_ARRONDI";"";"";"";"PUBLICATION_SECONDAIRE";"https://www.aip.ci/cote-divoire-aip-le-budget-primitif-du-conseil-regional-du-haut-sassandra-en-hausse-de-pres-de-25-en-2026/";"OUI_BUDGET_LOCAL_DISTINCT_DES_CP_LFI";"Conseil Régional du Haut Sassandra & AIP. Budget primitif rapporte le 15 décembre 2025; original de deliberation a corroborer."
"CONSEIL_REGIONAL";"inst-reg-conseil-regional-du-kabadougou";"Conseil Régional du Kabadougou";"2026";"BUDGET_PRIMITIF_LOCAL_2026";"";"FCFA";"BUDGET_PRIMITIF_NON_DOCUMENTE";"";"";"";"AUCUNE_PIECE_BP_2026";"";"NON";"Ne pas confondre avec des dotations de l'Etat ou des credits de programme."
"CONSEIL_REGIONAL";"inst-reg-conseil-regional-du-loh-djiboua";"Conseil Régional du Loh-Djiboua";"2026";"BUDGET_PRIMITIF_LOCAL_2026";"7517533000";"FCFA";"MONTANT_PUBLIE_EXACT_A_CORROBORER";"";"";"";"PUBLICATION_SECONDAIRE";"https://www.aip.ci/cote-divoire-aip-le-conseil-regional-du-loh-djiboua-adopte-un-budget-primitif-de-7517-milliards-fcfa-pour-2026/";"OUI_BUDGET_LOCAL_DISTINCT_DES_CP_LFI";"Conseil Régional du Loh-Djiboua & AIP. Budget primitif rapporte le 7 mars 2026; original de deliberation a corroborer."
"CONSEIL_REGIONAL";"inst-reg-conseil-regional-du-moronou";"Conseil Régional du Moronou";"2026";"BUDGET_PRIMITIF_LOCAL_2026";"7571020000";"FCFA";"MONTANT_PUBLIE_EXACT_A_CORROBORER";"";"";"";"PUBLICATION_SECONDAIRE";"https://www.aip.ci/cote-divoire-aip-le-conseil-regional-du-moronou-prevoit-123-operations-dinvestissement-dans-son-budget-2026/";"OUI_BUDGET_LOCAL_DISTINCT_DES_CP_LFI";"Conseil Régional du Moronou & AIP. Budget primitif rapporte le 7 mars 2026; original de deliberation a corroborer."
"CONSEIL_REGIONAL";"inst-reg-conseil-regional-du-n-zi";"Conseil Régional du N'zi";"2026";"BUDGET_PRIMITIF_LOCAL_2026";"6628359000";"FCFA";"MONTANT_PUBLIE_EXACT_A_CORROBORER";"";"";"";"PUBLICATION_SECONDAIRE";"https://www.aip.ci/cote-divoire-aip-les-conseillers-regionaux-du-nzi-adoptent-un-budget-primitif-de-plus-de-662-milliards-pour-2026/";"OUI_BUDGET_LOCAL_DISTINCT_DES_CP_LFI";"Conseil Régional du N'zi & AIP. Budget primitif rapporte le 2 décembre 2025; original de deliberation a corroborer."
"CONSEIL_REGIONAL";"inst-reg-conseil-regional-du-poro";"Conseil Régional du Poro";"2026";"BUDGET_PRIMITIF_LOCAL_2026";"7329639000";"FCFA";"MONTANT_PUBLIE_EXACT_A_CORROBORER";"";"";"";"PUBLICATION_SECONDAIRE";"https://www.aip.ci/cote-divoire-aip-le-budget-primitif-2026-de-la-region-du-poro-en-hausse-de-3428/";"OUI_BUDGET_LOCAL_DISTINCT_DES_CP_LFI";"Conseil Régional du Poro & AIP. Budget primitif rapporte le 23 novembre 2025; original de deliberation a corroborer."
"CONSEIL_REGIONAL";"inst-reg-conseil-regional-du-sud-comoe";"Conseil Régional du Sud Comoé";"2026";"BUDGET_PRIMITIF_LOCAL_2026";"";"FCFA";"BUDGET_PRIMITIF_NON_DOCUMENTE";"";"";"";"AUCUNE_PIECE_BP_2026";"";"NON";"Ne pas confondre avec des dotations de l'Etat ou des credits de programme."
"CONSEIL_REGIONAL";"inst-reg-conseil-regional-du-tchologo";"Conseil Régional du Tchologo";"2026";"BUDGET_PRIMITIF_LOCAL_2026";"";"FCFA";"BUDGET_PRIMITIF_NON_DOCUMENTE";"";"";"";"AUCUNE_PIECE_BP_2026";"";"NON";"Ne pas confondre avec des dotations de l'Etat ou des credits de programme."
"CONSEIL_REGIONAL";"inst-reg-conseil-regional-du-tonkpi";"Conseil Régional du Tonkpi";"2026";"BUDGET_PRIMITIF_LOCAL_2026";"";"FCFA";"BUDGET_PRIMITIF_NON_DOCUMENTE";"";"";"";"AUCUNE_PIECE_BP_2026";"";"NON";"Ne pas confondre avec des dotations de l'Etat ou des credits de programme."
"CONSEIL_REGIONAL";"inst-reg-conseil-regional-du-worodougou";"Conseil Régional du Worodougou";"2026";"BUDGET_PRIMITIF_LOCAL_2026";"7193000000";"FCFA";"MONTANT_PUBLIE_ARRONDI";"";"";"";"PUBLICATION_SECONDAIRE";"https://www.aip.ci/cote-divoire-aip-le-worodougou-trace-sa-feuille-de-route-financiere-pour-2026/";"OUI_BUDGET_LOCAL_DISTINCT_DES_CP_LFI";"Conseil Régional du Worodougou & AIP. Budget primitif rapporte le 30 novembre 2025; original de deliberation a corroborer."
