"section";"portefeuilles";"nature";"code_programme";"numero_programme";"intitule";"cp_2026_fcfa";"exercice";"source";"page_lfi_pdf";"page_annexe4_pdf";"url_lfi";"url_annexe4";"statut_attribution"
"108";"gov-001";"DGBF_CODE_PROGRAMME";"13010";"";"Autorité Exécutive et de Coordination";"24053045398";"2026";"LFI_2026_ET_ANNEXE_4_DPPD";"45";"1174";"https://www.dgbf.ci/wp-content/uploads/2025/12/Loi-de-Finances-2026.pdf";"https://www.dgbf.ci/wp-content/uploads/2025/12/Annexe-4-DPPD-PAP-2026-2028.pdf";"SECTION_NON_PORTEFEUILLE_ACTUEL"
"108";"gov-001";"DGBF_CODE_PROGRAMME";"13011";"";"Coordination Action Gouvernementale";"2155227371";"2026";"LFI_2026_ET_ANNEXE_4_DPPD";"45";"1175";"https://www.dgbf.ci/wp-content/uploads/2025/12/Loi-de-Finances-2026.pdf";"https://www.dgbf.ci/wp-content/uploads/2025/12/Annexe-4-DPPD-PAP-2026-2028.pdf";"SECTION_NON_PORTEFEUILLE_ACTUEL"
"108";"gov-001";"DGBF_CODE_PROGRAMME";"13013";"";"Structures sous-tutelles de la Primature";"45118493530";"2026";"LFI_2026_ET_ANNEXE_4_DPPD";"45";"1176";"https://www.dgbf.ci/wp-content/uploads/2025/12/Loi-de-Finances-2026.pdf";"https://www.dgbf.ci/wp-content/uploads/2025/12/Annexe-4-DPPD-PAP-2026-2028.pdf";"SECTION_NON_PORTEFEUILLE_ACTUEL"
"226";"gov-002";"DGBF_CODE_PROGRAMME";"21074";"";"Administration Générale";"152149614286";"2026";"LFI_2026_ET_ANNEXE_4_DPPD";"46";"38";"https://www.dgbf.ci/wp-content/uploads/2025/12/Loi-de-Finances-2026.pdf";"https://www.dgbf.ci/wp-content/uploads/2025/12/Annexe-4-DPPD-PAP-2026-2028.pdf";"SECTION_NON_PORTEFEUILLE_ACTUEL"
"226";"gov-002";"DGBF_CODE_PROGRAMME";"22075";"";"Défense";"198907665491";"2026";"LFI_2026_ET_ANNEXE_4_DPPD";"46";"44";"https://www.dgbf.ci/wp-content/uploads/2025/12/Loi-de-Finances-2026.pdf";"https://www.dgbf.ci/wp-content/uploads/2025/12/Annexe-4-DPPD-PAP-2026-2028.pdf";"SECTION_NON_PORTEFEUILLE_ACTUEL"
"226";"gov-002";"DGBF_CODE_PROGRAMME";"22076";"";"Sécurité";"129984548218";"2026";"LFI_2026_ET_ANNEXE_4_DPPD";"46";"50";"https://www.dgbf.ci/wp-content/uploads/2025/12/Loi-de-Finances-2026.pdf";"https://www.dgbf.ci/wp-content/uploads/2025/12/Annexe-4-DPPD-PAP-2026-2028.pdf";"SECTION_NON_PORTEFEUILLE_ACTUEL"
"229";"gov-009|gov-035";"DGBF_CODE_PROGRAMME";"21047";"";"Administration Générale";"17143084583";"2026";"LFI_2026_ET_ANNEXE_4_DPPD";"47";"70";"https://www.dgbf.ci/wp-content/uploads/2025/12/Loi-de-Finances-2026.pdf";"https://www.dgbf.ci/wp-content/uploads/2025/12/Annexe-4-DPPD-PAP-2026-2028.pdf";"SECTION_NON_PORTEFEUILLE_ACTUEL"
"229";"gov-009|gov-035";"DGBF_CODE_PROGRAMME";"22048";"";"Productions et Sécurité alimentaire";"93194334889";"2026";"LFI_2026_ET_ANNEXE_4_DPPD";"47";"77";"https://www.dgbf.ci/wp-content/uploads/2025/12/Loi-de-Finances-2026.pdf";"https://www.dgbf.ci/wp-content/uploads/2025/12/Annexe-4-DPPD-PAP-2026-2028.pdf";"SECTION_NON_PORTEFEUILLE_ACTUEL"
"229";"gov-009|gov-035";"DGBF_CODE_PROGRAMME";"22049";"";"Développement rural";"106292029836";"2026";"LFI_2026_ET_ANNEXE_4_DPPD";"47";"82";"https://www.dgbf.ci/wp-content/uploads/2025/12/Loi-de-Finances-2026.pdf";"https://www.dgbf.ci/wp-content/uploads/2025/12/Annexe-4-DPPD-PAP-2026-2028.pdf";"SECTION_NON_PORTEFEUILLE_ACTUEL"
"229";"gov-009|gov-035";"DGBF_CODE_PROGRAMME";"22214";"";"Promotion de la riziculture";"25204640218";"2026";"LFI_2026_ET_ANNEXE_4_DPPD";"47";"86";"https://www.dgbf.ci/wp-content/uploads/2025/12/Loi-de-Finances-2026.pdf";"https://www.dgbf.ci/wp-content/uploads/2025/12/Annexe-4-DPPD-PAP-2026-2028.pdf";"SECTION_NON_PORTEFEUILLE_ACTUEL"
"229";"gov-009|gov-035";"DGBF_CODE_PROGRAMME";"23210";"";"Fonds Interprofessionnel pour la Recherche et le Conseil Agricole (FIRCA)";"13300000000";"2026";"LFI_2026_ET_ANNEXE_4_DPPD";"47";"88";"https://www.dgbf.ci/wp-content/uploads/2025/12/Loi-de-Finances-2026.pdf";"https://www.dgbf.ci/wp-content/uploads/2025/12/Annexe-4-DPPD-PAP-2026-2028.pdf";"SECTION_NON_PORTEFEUILLE_ACTUEL"
"229";"gov-009|gov-035";"DGBF_CODE_PROGRAMME";"23211";"";"Fonds d'Investissement Agricole (FIA / 2QC)";"10615000000";"2026";"LFI_2026_ET_ANNEXE_4_DPPD";"47";"91";"https://www.dgbf.ci/wp-content/uploads/2025/12/Loi-de-Finances-2026.pdf";"https://www.dgbf.ci/wp-content/uploads/2025/12/Annexe-4-DPPD-PAP-2026-2028.pdf";"SECTION_NON_PORTEFEUILLE_ACTUEL"
"229";"gov-009|gov-035";"DGBF_CODE_PROGRAMME";"23212";"";"Fonds du secteur café cacao";"49832000000";"2026";"LFI_2026_ET_ANNEXE_4_DPPD";"47";"92";"https://www.dgbf.ci/wp-content/uploads/2025/12/Loi-de-Finances-2026.pdf";"https://www.dgbf.ci/wp-content/uploads/2025/12/Annexe-4-DPPD-PAP-2026-2028.pdf";"SECTION_NON_PORTEFEUILLE_ACTUEL"
"229";"gov-009|gov-035";"DGBF_CODE_PROGRAMME";"23213";"";"Fonds du secteur anacarde";"18297000000";"2026";"LFI_2026_ET_ANNEXE_4_DPPD";"47";"94";"https://www.dgbf.ci/wp-content/uploads/2025/12/Loi-de-Finances-2026.pdf";"https://www.dgbf.ci/wp-content/uploads/2025/12/Annexe-4-DPPD-PAP-2026-2028.pdf";"SECTION_NON_PORTEFEUILLE_ACTUEL"
"321";"gov-004";"DGBF_CODE_PROGRAMME";"21070";"";"Administration Générale";"68755415667";"2026";"LFI_2026_ET_ANNEXE_4_DPPD";"47";"125";"https://www.dgbf.ci/wp-content/uploads/2025/12/Loi-de-Finances-2026.pdf";"https://www.dgbf.ci/wp-content/uploads/2025/12/Annexe-4-DPPD-PAP-2026-2028.pdf";"SECTION_NON_PORTEFEUILLE_ACTUEL"
"321";"gov-004";"DGBF_CODE_PROGRAMME";"22071";"";"Relation bilatérale";"68063835678";"2026";"LFI_2026_ET_ANNEXE_4_DPPD";"47";"129";"https://www.dgbf.ci/wp-content/uploads/2025/12/Loi-de-Finances-2026.pdf";"https://www.dgbf.ci/wp-content/uploads/2025/12/Annexe-4-DPPD-PAP-2026-2028.pdf";"SECTION_NON_PORTEFEUILLE_ACTUEL"
"321";"gov-004";"DGBF_CODE_PROGRAMME";"22072";"";"Relation multilatérale";"9561143802";"2026";"LFI_2026_ET_ANNEXE_4_DPPD";"47";"137";"https://www.dgbf.ci/wp-content/uploads/2025/12/Loi-de-Finances-2026.pdf";"https://www.dgbf.ci/wp-content/uploads/2025/12/Annexe-4-DPPD-PAP-2026-2028.pdf";"SECTION_NON_PORTEFEUILLE_ACTUEL"
"321";"gov-004";"DGBF_CODE_PROGRAMME";"22073";"";"Protocole d'État, affaires juridiques, consulaires et de l'état civil";"348000000";"2026";"LFI_2026_ET_ANNEXE_4_DPPD";"47";"140";"https://www.dgbf.ci/wp-content/uploads/2025/12/Loi-de-Finances-2026.pdf";"https://www.dgbf.ci/wp-content/uploads/2025/12/Annexe-4-DPPD-PAP-2026-2028.pdf";"SECTION_NON_PORTEFEUILLE_ACTUEL"
"322";"gov-007";"DGBF_CODE_PROGRAMME";"21032";"";"Administration Générale";"369535050547";"2026";"LFI_2026_ET_ANNEXE_4_DPPD";"47";"167";"https://www.dgbf.ci/wp-content/uploads/2025/12/Loi-de-Finances-2026.pdf";"https://www.dgbf.ci/wp-content/uploads/2025/12/Annexe-4-DPPD-PAP-2026-2028.pdf";"SECTION_NON_PORTEFEUILLE_ACTUEL"
"322";"gov-007";"DGBF_CODE_PROGRAMME";"22034";"";"Trésor et Comptabilité Publique";"12847326386";"2026";"LFI_2026_ET_ANNEXE_4_DPPD";"47";"179";"https://www.dgbf.ci/wp-content/uploads/2025/12/Loi-de-Finances-2026.pdf";"https://www.dgbf.ci/wp-content/uploads/2025/12/Annexe-4-DPPD-PAP-2026-2028.pdf";"SECTION_NON_PORTEFEUILLE_ACTUEL"
"322";"gov-007";"DGBF_CODE_PROGRAMME";"22084";"";"Douanes";"21460519567";"2026";"LFI_2026_ET_ANNEXE_4_DPPD";"47";"196";"https://www.dgbf.ci/wp-content/uploads/2025/12/Loi-de-Finances-2026.pdf";"https://www.dgbf.ci/wp-content/uploads/2025/12/Annexe-4-DPPD-PAP-2026-2028.pdf";"SECTION_NON_PORTEFEUILLE_ACTUEL"
"322";"gov-007";"DGBF_CODE_PROGRAMME";"22085";"";"Impôts";"21362947078";"2026";"LFI_2026_ET_ANNEXE_4_DPPD";"47";"200";"https://www.dgbf.ci/wp-content/uploads/2025/12/Loi-de-Finances-2026.pdf";"https://www.dgbf.ci/wp-content/uploads/2025/12/Annexe-4-DPPD-PAP-2026-2028.pdf";"SECTION_NON_PORTEFEUILLE_ACTUEL"
"322";"gov-007";"DGBF_CODE_PROGRAMME";"22086";"";"Budget";"64941585484";"2026";"LFI_2026_ET_ANNEXE_4_DPPD";"47";"214";"https://www.dgbf.ci/wp-content/uploads/2025/12/Loi-de-Finances-2026.pdf";"https://www.dgbf.ci/wp-content/uploads/2025/12/Annexe-4-DPPD-PAP-2026-2028.pdf";"SECTION_NON_PORTEFEUILLE_ACTUEL"
"322";"gov-007";"DGBF_CODE_PROGRAMME";"22224";"";"Marchés Publics";"4020829721";"2026";"LFI_2026_ET_ANNEXE_4_DPPD";"47";"221";"https://www.dgbf.ci/wp-content/uploads/2025/12/Loi-de-Finances-2026.pdf";"https://www.dgbf.ci/wp-content/uploads/2025/12/Annexe-4-DPPD-PAP-2026-2028.pdf";"SECTION_NON_PORTEFEUILLE_ACTUEL"
"322";"gov-007";"DGBF_CODE_PROGRAMME";"22232";"";"Gestion des Financements";"5389327020";"2026";"LFI_2026_ET_ANNEXE_4_DPPD";"47";"225";"https://www.dgbf.ci/wp-content/uploads/2025/12/Loi-de-Finances-2026.pdf";"https://www.dgbf.ci/wp-content/uploads/2025/12/Annexe-4-DPPD-PAP-2026-2028.pdf";"SECTION_NON_PORTEFEUILLE_ACTUEL"
"322";"gov-007";"DGBF_CODE_PROGRAMME";"23214";"";"Appui au contrôle des marchandises à l'importation";"56500000000";"2026";"LFI_2026_ET_ANNEXE_4_DPPD";"47";"227";"https://www.dgbf.ci/wp-content/uploads/2025/12/Loi-de-Finances-2026.pdf";"https://www.dgbf.ci/wp-content/uploads/2025/12/Annexe-4-DPPD-PAP-2026-2028.pdf";"SECTION_NON_PORTEFEUILLE_ACTUEL"
"322";"gov-007";"DGBF_CODE_PROGRAMME";"23215";"";"Prélèvements communautaires UEMOA-CEDEAO (Prélèvement Communautaire de Solidarité - Prélèvement Communautaire de la CEDEAO)";"91248460491";"2026";"LFI_2026_ET_ANNEXE_4_DPPD";"47";"229";"https://www.dgbf.ci/wp-content/uploads/2025/12/Loi-de-Finances-2026.pdf";"https://www.dgbf.ci/wp-content/uploads/2025/12/Annexe-4-DPPD-PAP-2026-2028.pdf";"SECTION_NON_PORTEFEUILLE_ACTUEL"
"322";"gov-007";"DGBF_CODE_PROGRAMME";"23216";"";"Prélèvement à l'importation de l'Union Africaine (UA)";"13439617131";"2026";"LFI_2026_ET_ANNEXE_4_DPPD";"47";"230";"https://www.dgbf.ci/wp-content/uploads/2025/12/Loi-de-Finances-2026.pdf";"https://www.dgbf.ci/wp-content/uploads/2025/12/Annexe-4-DPPD-PAP-2026-2028.pdf";"SECTION_NON_PORTEFEUILLE_ACTUEL"
"322";"gov-007";"DGBF_CODE_PROGRAMME";"23217";"";"Fonds d'Investissement en Milieu Rural (FIMR)";"10578300000";"2026";"LFI_2026_ET_ANNEXE_4_DPPD";"47";"232";"https://www.dgbf.ci/wp-content/uploads/2025/12/Loi-de-Finances-2026.pdf";"https://www.dgbf.ci/wp-content/uploads/2025/12/Annexe-4-DPPD-PAP-2026-2028.pdf";"SECTION_NON_PORTEFEUILLE_ACTUEL"
"323";"gov-006";"DGBF_CODE_PROGRAMME";"21038";"";"Administration Générale";"101798828700";"2026";"LFI_2026_ET_ANNEXE_4_DPPD";"48";"250";"https://www.dgbf.ci/wp-content/uploads/2025/12/Loi-de-Finances-2026.pdf";"https://www.dgbf.ci/wp-content/uploads/2025/12/Annexe-4-DPPD-PAP-2026-2028.pdf";"SECTION_NON_PORTEFEUILLE_ACTUEL"
"323";"gov-006";"DGBF_CODE_PROGRAMME";"22039";"";"Sécurité Intérieure";"246936755701";"2026";"LFI_2026_ET_ANNEXE_4_DPPD";"48";"253";"https://www.dgbf.ci/wp-content/uploads/2025/12/Loi-de-Finances-2026.pdf";"https://www.dgbf.ci/wp-content/uploads/2025/12/Annexe-4-DPPD-PAP-2026-2028.pdf";"SECTION_NON_PORTEFEUILLE_ACTUEL"
"323";"gov-006";"DGBF_CODE_PROGRAMME";"22040";"";"Décentralisation";"237873882190";"2026";"LFI_2026_ET_ANNEXE_4_DPPD";"48";"274";"https://www.dgbf.ci/wp-content/uploads/2025/12/Loi-de-Finances-2026.pdf";"https://www.dgbf.ci/wp-content/uploads/2025/12/Annexe-4-DPPD-PAP-2026-2028.pdf";"SECTION_NON_PORTEFEUILLE_ACTUEL"
"323";"gov-006";"DGBF_CODE_PROGRAMME";"22041";"";"Administration territoriale et identification";"86672782583";"2026";"LFI_2026_ET_ANNEXE_4_DPPD";"48";"342";"https://www.dgbf.ci/wp-content/uploads/2025/12/Loi-de-Finances-2026.pdf";"https://www.dgbf.ci/wp-content/uploads/2025/12/Annexe-4-DPPD-PAP-2026-2028.pdf";"SECTION_NON_PORTEFEUILLE_ACTUEL"
"323";"gov-006";"DGBF_CODE_PROGRAMME";"22216";"";"Protection civile";"17671080278";"2026";"LFI_2026_ET_ANNEXE_4_DPPD";"48";"363";"https://www.dgbf.ci/wp-content/uploads/2025/12/Loi-de-Finances-2026.pdf";"https://www.dgbf.ci/wp-content/uploads/2025/12/Annexe-4-DPPD-PAP-2026-2028.pdf";"SECTION_NON_PORTEFEUILLE_ACTUEL"
"323";"gov-006";"DGBF_CODE_PROGRAMME";"23218";"";"Appui aux collectivités territoriales";"255010000000";"2026";"LFI_2026_ET_ANNEXE_4_DPPD";"48";"365";"https://www.dgbf.ci/wp-content/uploads/2025/12/Loi-de-Finances-2026.pdf";"https://www.dgbf.ci/wp-content/uploads/2025/12/Annexe-4-DPPD-PAP-2026-2028.pdf";"SECTION_NON_PORTEFEUILLE_ACTUEL"
"328";"gov-021";"DGBF_CODE_PROGRAMME";"21054";"";"Administration Générale";"12893923764";"2026";"LFI_2026_ET_ANNEXE_4_DPPD";"48";"403";"https://www.dgbf.ci/wp-content/uploads/2025/12/Loi-de-Finances-2026.pdf";"https://www.dgbf.ci/wp-content/uploads/2025/12/Annexe-4-DPPD-PAP-2026-2028.pdf";"SECTION_NON_PORTEFEUILLE_ACTUEL"
"328";"gov-021";"DGBF_CODE_PROGRAMME";"22033";"";"Gestion macroéconomique et politique économique et financière";"2322971492";"2026";"LFI_2026_ET_ANNEXE_4_DPPD";"48";"407";"https://www.dgbf.ci/wp-content/uploads/2025/12/Loi-de-Finances-2026.pdf";"https://www.dgbf.ci/wp-content/uploads/2025/12/Annexe-4-DPPD-PAP-2026-2028.pdf";"SECTION_NON_PORTEFEUILLE_ACTUEL"
"328";"gov-021";"DGBF_CODE_PROGRAMME";"22055";"";"Prospective, planification, programmation, suivi et évaluation";"3812144370";"2026";"LFI_2026_ET_ANNEXE_4_DPPD";"48";"411";"https://www.dgbf.ci/wp-content/uploads/2025/12/Loi-de-Finances-2026.pdf";"https://www.dgbf.ci/wp-content/uploads/2025/12/Annexe-4-DPPD-PAP-2026-2028.pdf";"SECTION_NON_PORTEFEUILLE_ACTUEL"
"328";"gov-021";"DGBF_CODE_PROGRAMME";"22056";"";"Aménagement du territoire, développement régional et local";"1483513571";"2026";"LFI_2026_ET_ANNEXE_4_DPPD";"48";"414";"https://www.dgbf.ci/wp-content/uploads/2025/12/Loi-de-Finances-2026.pdf";"https://www.dgbf.ci/wp-content/uploads/2025/12/Annexe-4-DPPD-PAP-2026-2028.pdf";"SECTION_NON_PORTEFEUILLE_ACTUEL"
"328";"gov-021";"DGBF_CODE_PROGRAMME";"22057";"";"Coordination de la coopération au développement, population et productions statistiques";"14015706905";"2026";"LFI_2026_ET_ANNEXE_4_DPPD";"48";"417";"https://www.dgbf.ci/wp-content/uploads/2025/12/Loi-de-Finances-2026.pdf";"https://www.dgbf.ci/wp-content/uploads/2025/12/Annexe-4-DPPD-PAP-2026-2028.pdf";"SECTION_NON_PORTEFEUILLE_ACTUEL"
"328";"gov-021";"DGBF_CODE_PROGRAMME";"23250";"";"Fonds National de Développement de la Statistique";"9666000000";"2026";"LFI_2026_ET_ANNEXE_4_DPPD";"48";"420";"https://www.dgbf.ci/wp-content/uploads/2025/12/Loi-de-Finances-2026.pdf";"https://www.dgbf.ci/wp-content/uploads/2025/12/Annexe-4-DPPD-PAP-2026-2028.pdf";"SECTION_NON_PORTEFEUILLE_ACTUEL"
"331";"gov-024";"DGBF_CODE_PROGRAMME";"21060";"";"Administration Générale";"121396189006";"2026";"LFI_2026_ET_ANNEXE_4_DPPD";"49";"455";"https://www.dgbf.ci/wp-content/uploads/2025/12/Loi-de-Finances-2026.pdf";"https://www.dgbf.ci/wp-content/uploads/2025/12/Annexe-4-DPPD-PAP-2026-2028.pdf";"SECTION_NON_PORTEFEUILLE_ACTUEL"
"331";"gov-024";"DGBF_CODE_PROGRAMME";"22061";"";"Enseignement préscolaire et primaire";"849707918059";"2026";"LFI_2026_ET_ANNEXE_4_DPPD";"49";"464";"https://www.dgbf.ci/wp-content/uploads/2025/12/Loi-de-Finances-2026.pdf";"https://www.dgbf.ci/wp-content/uploads/2025/12/Annexe-4-DPPD-PAP-2026-2028.pdf";"SECTION_NON_PORTEFEUILLE_ACTUEL"
"331";"gov-024";"DGBF_CODE_PROGRAMME";"22062";"";"Enseignement secondaire général";"591842059537";"2026";"LFI_2026_ET_ANNEXE_4_DPPD";"49";"484";"https://www.dgbf.ci/wp-content/uploads/2025/12/Loi-de-Finances-2026.pdf";"https://www.dgbf.ci/wp-content/uploads/2025/12/Annexe-4-DPPD-PAP-2026-2028.pdf";"SECTION_NON_PORTEFEUILLE_ACTUEL"
"331";"gov-024";"DGBF_CODE_PROGRAMME";"22064";"";"Alphabétisation et Éducation non formelle";"775200000";"2026";"LFI_2026_ET_ANNEXE_4_DPPD";"49";"513";"https://www.dgbf.ci/wp-content/uploads/2025/12/Loi-de-Finances-2026.pdf";"https://www.dgbf.ci/wp-content/uploads/2025/12/Annexe-4-DPPD-PAP-2026-2028.pdf";"SECTION_NON_PORTEFEUILLE_ACTUEL"
"333";"gov-022";"DGBF_CODE_PROGRAMME";"21093";"";"Administration Générale";"24951460632";"2026";"LFI_2026_ET_ANNEXE_4_DPPD";"49";"525";"https://www.dgbf.ci/wp-content/uploads/2025/12/Loi-de-Finances-2026.pdf";"https://www.dgbf.ci/wp-content/uploads/2025/12/Annexe-4-DPPD-PAP-2026-2028.pdf";"SECTION_NON_PORTEFEUILLE_ACTUEL"
"333";"gov-022";"DGBF_CODE_PROGRAMME";"22094";"";"Enseignement supérieur";"233945569392";"2026";"LFI_2026_ET_ANNEXE_4_DPPD";"49";"529";"https://www.dgbf.ci/wp-content/uploads/2025/12/Loi-de-Finances-2026.pdf";"https://www.dgbf.ci/wp-content/uploads/2025/12/Annexe-4-DPPD-PAP-2026-2028.pdf";"SECTION_NON_PORTEFEUILLE_ACTUEL"
"333";"gov-022";"DGBF_CODE_PROGRAMME";"22095";"";"Œuvres universitaires et vie estudiantine";"67106546257";"2026";"LFI_2026_ET_ANNEXE_4_DPPD";"49";"533";"https://www.dgbf.ci/wp-content/uploads/2025/12/Loi-de-Finances-2026.pdf";"https://www.dgbf.ci/wp-content/uploads/2025/12/Annexe-4-DPPD-PAP-2026-2028.pdf";"SECTION_NON_PORTEFEUILLE_ACTUEL"
"333";"gov-022";"DGBF_CODE_PROGRAMME";"22096";"";"Recherche scientifique et innovation";"12775831965";"2026";"LFI_2026_ET_ANNEXE_4_DPPD";"49";"537";"https://www.dgbf.ci/wp-content/uploads/2025/12/Loi-de-Finances-2026.pdf";"https://www.dgbf.ci/wp-content/uploads/2025/12/Annexe-4-DPPD-PAP-2026-2028.pdf";"SECTION_NON_PORTEFEUILLE_ACTUEL"
"335";"gov-013";"DGBF_CODE_PROGRAMME";"21067";"";"Administration Générale";"386390670357";"2026";"LFI_2026_ET_ANNEXE_4_DPPD";"49";"576";"https://www.dgbf.ci/wp-content/uploads/2025/12/Loi-de-Finances-2026.pdf";"https://www.dgbf.ci/wp-content/uploads/2025/12/Annexe-4-DPPD-PAP-2026-2028.pdf";"SECTION_NON_PORTEFEUILLE_ACTUEL"
"335";"gov-013";"DGBF_CODE_PROGRAMME";"22068";"";"Offre et accessibilité des populations aux soins de qualité";"243944049750";"2026";"LFI_2026_ET_ANNEXE_4_DPPD";"49";"585";"https://www.dgbf.ci/wp-content/uploads/2025/12/Loi-de-Finances-2026.pdf";"https://www.dgbf.ci/wp-content/uploads/2025/12/Annexe-4-DPPD-PAP-2026-2028.pdf";"SECTION_NON_PORTEFEUILLE_ACTUEL"
"335";"gov-013";"DGBF_CODE_PROGRAMME";"22069";"";"Renforcement de la lutte contre la maladie";"175357438807";"2026";"LFI_2026_ET_ANNEXE_4_DPPD";"49";"626";"https://www.dgbf.ci/wp-content/uploads/2025/12/Loi-de-Finances-2026.pdf";"https://www.dgbf.ci/wp-content/uploads/2025/12/Annexe-4-DPPD-PAP-2026-2028.pdf";"SECTION_NON_PORTEFEUILLE_ACTUEL"
"335";"gov-013";"DGBF_CODE_PROGRAMME";"23221";"";"Programme National de Lutte contre le Tabagisme, l'Alcoolisme, la Toxicomanie et les autres Addictions";"990000000";"2026";"LFI_2026_ET_ANNEXE_4_DPPD";"49";"629";"https://www.dgbf.ci/wp-content/uploads/2025/12/Loi-de-Finances-2026.pdf";"https://www.dgbf.ci/wp-content/uploads/2025/12/Annexe-4-DPPD-PAP-2026-2028.pdf";"SECTION_NON_PORTEFEUILLE_ACTUEL"
"335";"gov-013";"DGBF_CODE_PROGRAMME";"23222";"";"Fonds National de Lutte contre le SIDA (FNLS)";"2310000000";"2026";"LFI_2026_ET_ANNEXE_4_DPPD";"49";"631";"https://www.dgbf.ci/wp-content/uploads/2025/12/Loi-de-Finances-2026.pdf";"https://www.dgbf.ci/wp-content/uploads/2025/12/Annexe-4-DPPD-PAP-2026-2028.pdf";"SECTION_NON_PORTEFEUILLE_ACTUEL"
"340";"gov-010";"DGBF_CODE_PROGRAMME";"21112";"";"Administration Générale";"10483960604";"2026";"LFI_2026_ET_ANNEXE_4_DPPD";"50";"666";"https://www.dgbf.ci/wp-content/uploads/2025/12/Loi-de-Finances-2026.pdf";"https://www.dgbf.ci/wp-content/uploads/2025/12/Annexe-4-DPPD-PAP-2026-2028.pdf";"SECTION_NON_PORTEFEUILLE_ACTUEL"
"340";"gov-010";"DGBF_CODE_PROGRAMME";"22113";"";"Transport aérien";"41918600000";"2026";"LFI_2026_ET_ANNEXE_4_DPPD";"50";"670";"https://www.dgbf.ci/wp-content/uploads/2025/12/Loi-de-Finances-2026.pdf";"https://www.dgbf.ci/wp-content/uploads/2025/12/Annexe-4-DPPD-PAP-2026-2028.pdf";"SECTION_NON_PORTEFEUILLE_ACTUEL"
"340";"gov-010";"DGBF_CODE_PROGRAMME";"22114";"";"Transport terrestre";"250777054478";"2026";"LFI_2026_ET_ANNEXE_4_DPPD";"50";"673";"https://www.dgbf.ci/wp-content/uploads/2025/12/Loi-de-Finances-2026.pdf";"https://www.dgbf.ci/wp-content/uploads/2025/12/Annexe-4-DPPD-PAP-2026-2028.pdf";"SECTION_NON_PORTEFEUILLE_ACTUEL"
"340";"gov-010";"DGBF_CODE_PROGRAMME";"23226";"";"Mobilité Urbaine dans le Grand Abidjan";"2295000000";"2026";"LFI_2026_ET_ANNEXE_4_DPPD";"50";"675";"https://www.dgbf.ci/wp-content/uploads/2025/12/Loi-de-Finances-2026.pdf";"https://www.dgbf.ci/wp-content/uploads/2025/12/Annexe-4-DPPD-PAP-2026-2028.pdf";"SECTION_NON_PORTEFEUILLE_ACTUEL"
"340";"gov-010";"DGBF_CODE_PROGRAMME";"23227";"";"Régulation du Transport Intérieur";"2295000000";"2026";"LFI_2026_ET_ANNEXE_4_DPPD";"50";"675";"https://www.dgbf.ci/wp-content/uploads/2025/12/Loi-de-Finances-2026.pdf";"https://www.dgbf.ci/wp-content/uploads/2025/12/Annexe-4-DPPD-PAP-2026-2028.pdf";"SECTION_NON_PORTEFEUILLE_ACTUEL"
"346";"gov-029";"DGBF_CODE_PROGRAMME";"21097";"";"Administration Générale";"13835893251";"2026";"LFI_2026_ET_ANNEXE_4_DPPD";"50";"741";"https://www.dgbf.ci/wp-content/uploads/2025/12/Loi-de-Finances-2026.pdf";"https://www.dgbf.ci/wp-content/uploads/2025/12/Annexe-4-DPPD-PAP-2026-2028.pdf";"SECTION_NON_PORTEFEUILLE_ACTUEL"
"346";"gov-029";"DGBF_CODE_PROGRAMME";"22098";"";"Animation culturelle et industries culturelles et créatives";"5131941800";"2026";"LFI_2026_ET_ANNEXE_4_DPPD";"50";"745";"https://www.dgbf.ci/wp-content/uploads/2025/12/Loi-de-Finances-2026.pdf";"https://www.dgbf.ci/wp-content/uploads/2025/12/Annexe-4-DPPD-PAP-2026-2028.pdf";"SECTION_NON_PORTEFEUILLE_ACTUEL"
"346";"gov-029";"DGBF_CODE_PROGRAMME";"22099";"";"Patrimoine culturel";"1793938806";"2026";"LFI_2026_ET_ANNEXE_4_DPPD";"50";"748";"https://www.dgbf.ci/wp-content/uploads/2025/12/Loi-de-Finances-2026.pdf";"https://www.dgbf.ci/wp-content/uploads/2025/12/Annexe-4-DPPD-PAP-2026-2028.pdf";"SECTION_NON_PORTEFEUILLE_ACTUEL"
"346";"gov-029";"DGBF_CODE_PROGRAMME";"22100";"";"Enseignement artistique et culturel";"3277857930";"2026";"LFI_2026_ET_ANNEXE_4_DPPD";"50";"750";"https://www.dgbf.ci/wp-content/uploads/2025/12/Loi-de-Finances-2026.pdf";"https://www.dgbf.ci/wp-content/uploads/2025/12/Annexe-4-DPPD-PAP-2026-2028.pdf";"SECTION_NON_PORTEFEUILLE_ACTUEL"
"346";"gov-029";"DGBF_CODE_PROGRAMME";"22226";"";"Francophonie";"592488633";"2026";"LFI_2026_ET_ANNEXE_4_DPPD";"50";"752";"https://www.dgbf.ci/wp-content/uploads/2025/12/Loi-de-Finances-2026.pdf";"https://www.dgbf.ci/wp-content/uploads/2025/12/Annexe-4-DPPD-PAP-2026-2028.pdf";"SECTION_NON_PORTEFEUILLE_ACTUEL"
"346";"gov-029";"DGBF_CODE_PROGRAMME";"23229";"";"Fonds de Soutien à la Culture et à la Création Artistique (FSCCA)";"12566500000";"2026";"LFI_2026_ET_ANNEXE_4_DPPD";"50";"754";"https://www.dgbf.ci/wp-content/uploads/2025/12/Loi-de-Finances-2026.pdf";"https://www.dgbf.ci/wp-content/uploads/2025/12/Annexe-4-DPPD-PAP-2026-2028.pdf";"SECTION_NON_PORTEFEUILLE_ACTUEL"
"346";"gov-029";"DGBF_CODE_PROGRAMME";"23242";"";"Fonds de Soutien à l'Industrie Cinématographique (FONSIC)";"240000000";"2026";"LFI_2026_ET_ANNEXE_4_DPPD";"50";"755";"https://www.dgbf.ci/wp-content/uploads/2025/12/Loi-de-Finances-2026.pdf";"https://www.dgbf.ci/wp-content/uploads/2025/12/Annexe-4-DPPD-PAP-2026-2028.pdf";"SECTION_NON_PORTEFEUILLE_ACTUEL"
"346";"gov-029";"DGBF_CODE_PROGRAMME";"23243";"";"Appui au financement de l'Office National du Cinéma de Côte d'Ivoire (ONAC-CI)";"160000000";"2026";"LFI_2026_ET_ANNEXE_4_DPPD";"50";"756";"https://www.dgbf.ci/wp-content/uploads/2025/12/Loi-de-Finances-2026.pdf";"https://www.dgbf.ci/wp-content/uploads/2025/12/Annexe-4-DPPD-PAP-2026-2028.pdf";"SECTION_NON_PORTEFEUILLE_ACTUEL"
"347";"gov-019";"DGBF_CODE_PROGRAMME";"21101";"";"Administration Générale";"14003862146";"2026";"LFI_2026_ET_ANNEXE_4_DPPD";"51";"779";"https://www.dgbf.ci/wp-content/uploads/2025/12/Loi-de-Finances-2026.pdf";"https://www.dgbf.ci/wp-content/uploads/2025/12/Annexe-4-DPPD-PAP-2026-2028.pdf";"SECTION_NON_PORTEFEUILLE_ACTUEL"
"347";"gov-019";"DGBF_CODE_PROGRAMME";"22102";"";"Commerce intérieur";"4924344052";"2026";"LFI_2026_ET_ANNEXE_4_DPPD";"51";"785";"https://www.dgbf.ci/wp-content/uploads/2025/12/Loi-de-Finances-2026.pdf";"https://www.dgbf.ci/wp-content/uploads/2025/12/Annexe-4-DPPD-PAP-2026-2028.pdf";"SECTION_NON_PORTEFEUILLE_ACTUEL"
"347";"gov-019";"DGBF_CODE_PROGRAMME";"22103";"";"Commerce extérieur";"2365616153";"2026";"LFI_2026_ET_ANNEXE_4_DPPD";"51";"788";"https://www.dgbf.ci/wp-content/uploads/2025/12/Loi-de-Finances-2026.pdf";"https://www.dgbf.ci/wp-content/uploads/2025/12/Annexe-4-DPPD-PAP-2026-2028.pdf";"SECTION_NON_PORTEFEUILLE_ACTUEL"
"347";"gov-019";"DGBF_CODE_PROGRAMME";"22104";"";"Industrie";"36338192773";"2026";"LFI_2026_ET_ANNEXE_4_DPPD";"51";"791";"https://www.dgbf.ci/wp-content/uploads/2025/12/Loi-de-Finances-2026.pdf";"https://www.dgbf.ci/wp-content/uploads/2025/12/Annexe-4-DPPD-PAP-2026-2028.pdf";"SECTION_NON_PORTEFEUILLE_ACTUEL"
"347";"gov-019";"DGBF_CODE_PROGRAMME";"22233";"";"PME et Artisanat";"39234856598";"2026";"LFI_2026_ET_ANNEXE_4_DPPD";"51";"795";"https://www.dgbf.ci/wp-content/uploads/2025/12/Loi-de-Finances-2026.pdf";"https://www.dgbf.ci/wp-content/uploads/2025/12/Annexe-4-DPPD-PAP-2026-2028.pdf";"SECTION_NON_PORTEFEUILLE_ACTUEL"
"350";"gov-020";"DGBF_CODE_PROGRAMME";"21108";"";"Administration Générale";"6977145562";"2026";"LFI_2026_ET_ANNEXE_4_DPPD";"51";"844";"https://www.dgbf.ci/wp-content/uploads/2025/12/Loi-de-Finances-2026.pdf";"https://www.dgbf.ci/wp-content/uploads/2025/12/Annexe-4-DPPD-PAP-2026-2028.pdf";"SECTION_NON_PORTEFEUILLE_ACTUEL"
"350";"gov-020";"DGBF_CODE_PROGRAMME";"22109";"";"Tourisme";"5229257356";"2026";"LFI_2026_ET_ANNEXE_4_DPPD";"51";"847";"https://www.dgbf.ci/wp-content/uploads/2025/12/Loi-de-Finances-2026.pdf";"https://www.dgbf.ci/wp-content/uploads/2025/12/Annexe-4-DPPD-PAP-2026-2028.pdf";"SECTION_NON_PORTEFEUILLE_ACTUEL"
"350";"gov-020";"DGBF_CODE_PROGRAMME";"22111";"";"Loisir";"800883134";"2026";"LFI_2026_ET_ANNEXE_4_DPPD";"51";"850";"https://www.dgbf.ci/wp-content/uploads/2025/12/Loi-de-Finances-2026.pdf";"https://www.dgbf.ci/wp-content/uploads/2025/12/Annexe-4-DPPD-PAP-2026-2028.pdf";"SECTION_NON_PORTEFEUILLE_ACTUEL"
"350";"gov-020";"DGBF_CODE_PROGRAMME";"23235";"";"Fonds de Développement Touristique";"2700000000";"2026";"LFI_2026_ET_ANNEXE_4_DPPD";"51";"852";"https://www.dgbf.ci/wp-content/uploads/2025/12/Loi-de-Finances-2026.pdf";"https://www.dgbf.ci/wp-content/uploads/2025/12/Annexe-4-DPPD-PAP-2026-2028.pdf";"SECTION_NON_PORTEFEUILLE_ACTUEL"
"350";"gov-020";"DGBF_CODE_PROGRAMME";"23236";"";"Appui au financement de la promotion du secteur touristique";"3500000000";"2026";"LFI_2026_ET_ANNEXE_4_DPPD";"51";"854";"https://www.dgbf.ci/wp-content/uploads/2025/12/Loi-de-Finances-2026.pdf";"https://www.dgbf.ci/wp-content/uploads/2025/12/Annexe-4-DPPD-PAP-2026-2028.pdf";"SECTION_NON_PORTEFEUILLE_ACTUEL"
"351";"gov-015";"DGBF_CODE_PROGRAMME";"21132";"";"Administration Générale";"11095321403";"2026";"LFI_2026_ET_ANNEXE_4_DPPD";"52";"869";"https://www.dgbf.ci/wp-content/uploads/2025/12/Loi-de-Finances-2026.pdf";"https://www.dgbf.ci/wp-content/uploads/2025/12/Annexe-4-DPPD-PAP-2026-2028.pdf";"SECTION_NON_PORTEFEUILLE_ACTUEL"
"351";"gov-015";"DGBF_CODE_PROGRAMME";"22133";"";"Développement des productions animales";"2819855421";"2026";"LFI_2026_ET_ANNEXE_4_DPPD";"52";"875";"https://www.dgbf.ci/wp-content/uploads/2025/12/Loi-de-Finances-2026.pdf";"https://www.dgbf.ci/wp-content/uploads/2025/12/Annexe-4-DPPD-PAP-2026-2028.pdf";"SECTION_NON_PORTEFEUILLE_ACTUEL"
"351";"gov-015";"DGBF_CODE_PROGRAMME";"22134";"";"Gestion durable des ressources halieutiques";"11118502743";"2026";"LFI_2026_ET_ANNEXE_4_DPPD";"52";"877";"https://www.dgbf.ci/wp-content/uploads/2025/12/Loi-de-Finances-2026.pdf";"https://www.dgbf.ci/wp-content/uploads/2025/12/Annexe-4-DPPD-PAP-2026-2028.pdf";"SECTION_NON_PORTEFEUILLE_ACTUEL"
"351";"gov-015";"DGBF_CODE_PROGRAMME";"22135";"";"Renforcement de la santé publique vétérinaire";"1667232461";"2026";"LFI_2026_ET_ANNEXE_4_DPPD";"52";"880";"https://www.dgbf.ci/wp-content/uploads/2025/12/Loi-de-Finances-2026.pdf";"https://www.dgbf.ci/wp-content/uploads/2025/12/Annexe-4-DPPD-PAP-2026-2028.pdf";"SECTION_NON_PORTEFEUILLE_ACTUEL"
"352";"gov-028";"DGBF_CODE_PROGRAMME";"21118";"";"Administration Générale";"16254527519";"2026";"LFI_2026_ET_ANNEXE_4_DPPD";"52";"892";"https://www.dgbf.ci/wp-content/uploads/2025/12/Loi-de-Finances-2026.pdf";"https://www.dgbf.ci/wp-content/uploads/2025/12/Annexe-4-DPPD-PAP-2026-2028.pdf";"SECTION_NON_PORTEFEUILLE_ACTUEL"
"352";"gov-028";"DGBF_CODE_PROGRAMME";"22119";"";"Promotion de l'approche Genre, de l'autonomisation des femmes et des jeunes filles";"5998995287";"2026";"LFI_2026_ET_ANNEXE_4_DPPD";"52";"896";"https://www.dgbf.ci/wp-content/uploads/2025/12/Loi-de-Finances-2026.pdf";"https://www.dgbf.ci/wp-content/uploads/2025/12/Annexe-4-DPPD-PAP-2026-2028.pdf";"SECTION_NON_PORTEFEUILLE_ACTUEL"
"352";"gov-028";"DGBF_CODE_PROGRAMME";"22120";"";"Promotion et consolidation de la Famille";"956600000";"2026";"LFI_2026_ET_ANNEXE_4_DPPD";"52";"902";"https://www.dgbf.ci/wp-content/uploads/2025/12/Loi-de-Finances-2026.pdf";"https://www.dgbf.ci/wp-content/uploads/2025/12/Annexe-4-DPPD-PAP-2026-2028.pdf";"SECTION_NON_PORTEFEUILLE_ACTUEL"
"352";"gov-028";"DGBF_CODE_PROGRAMME";"22121";"";"Protection des Enfants et des adolescents vulnérables";"8052936059";"2026";"LFI_2026_ET_ANNEXE_4_DPPD";"52";"906";"https://www.dgbf.ci/wp-content/uploads/2025/12/Loi-de-Finances-2026.pdf";"https://www.dgbf.ci/wp-content/uploads/2025/12/Annexe-4-DPPD-PAP-2026-2028.pdf";"SECTION_NON_PORTEFEUILLE_ACTUEL"
"356";"gov-027";"DGBF_CODE_PROGRAMME";"21235";"";"Administration Générale";"1704184519";"2026";"LFI_2026_ET_ANNEXE_4_DPPD";"52";"922";"https://www.dgbf.ci/wp-content/uploads/2025/12/Loi-de-Finances-2026.pdf";"https://www.dgbf.ci/wp-content/uploads/2025/12/Annexe-4-DPPD-PAP-2026-2028.pdf";"SECTION_NON_PORTEFEUILLE_ACTUEL"
"356";"gov-027";"DGBF_CODE_PROGRAMME";"22126";"";"Économie numérique et poste";"45991319076";"2026";"LFI_2026_ET_ANNEXE_4_DPPD";"52";"924";"https://www.dgbf.ci/wp-content/uploads/2025/12/Loi-de-Finances-2026.pdf";"https://www.dgbf.ci/wp-content/uploads/2025/12/Annexe-4-DPPD-PAP-2026-2028.pdf";"SECTION_NON_PORTEFEUILLE_ACTUEL"
"356";"gov-027";"DGBF_CODE_PROGRAMME";"23237";"";"Appui au Développement des nouvelles technologies en zones rurales";"33000000000";"2026";"LFI_2026_ET_ANNEXE_4_DPPD";"52";"927";"https://www.dgbf.ci/wp-content/uploads/2025/12/Loi-de-Finances-2026.pdf";"https://www.dgbf.ci/wp-content/uploads/2025/12/Annexe-4-DPPD-PAP-2026-2028.pdf";"SECTION_NON_PORTEFEUILLE_ACTUEL"
"356";"gov-027";"DGBF_CODE_PROGRAMME";"23238";"";"Appui à la régulation du secteur des télécommunications";"2580000000";"2026";"LFI_2026_ET_ANNEXE_4_DPPD";"52";"929";"https://www.dgbf.ci/wp-content/uploads/2025/12/Loi-de-Finances-2026.pdf";"https://www.dgbf.ci/wp-content/uploads/2025/12/Annexe-4-DPPD-PAP-2026-2028.pdf";"SECTION_NON_PORTEFEUILLE_ACTUEL"
"357";"gov-012";"DGBF_CODE_PROGRAMME";"21127";"";"Administration Générale";"6395282843";"2026";"LFI_2026_ET_ANNEXE_4_DPPD";"52";"941";"https://www.dgbf.ci/wp-content/uploads/2025/12/Loi-de-Finances-2026.pdf";"https://www.dgbf.ci/wp-content/uploads/2025/12/Annexe-4-DPPD-PAP-2026-2028.pdf";"SECTION_NON_PORTEFEUILLE_ACTUEL"
"357";"gov-012";"DGBF_CODE_PROGRAMME";"22128";"";"Promotion de la jeunesse";"885002094";"2026";"LFI_2026_ET_ANNEXE_4_DPPD";"52";"949";"https://www.dgbf.ci/wp-content/uploads/2025/12/Loi-de-Finances-2026.pdf";"https://www.dgbf.ci/wp-content/uploads/2025/12/Annexe-4-DPPD-PAP-2026-2028.pdf";"SECTION_NON_PORTEFEUILLE_ACTUEL"
"357";"gov-012";"DGBF_CODE_PROGRAMME";"22129";"";"Insertion professionnelle et emploi des jeunes";"54319474813";"2026";"LFI_2026_ET_ANNEXE_4_DPPD";"52";"951";"https://www.dgbf.ci/wp-content/uploads/2025/12/Loi-de-Finances-2026.pdf";"https://www.dgbf.ci/wp-content/uploads/2025/12/Annexe-4-DPPD-PAP-2026-2028.pdf";"SECTION_NON_PORTEFEUILLE_ACTUEL"
"357";"gov-012";"DGBF_CODE_PROGRAMME";"22139";"";"Service civique";"15075185874";"2026";"LFI_2026_ET_ANNEXE_4_DPPD";"52";"953";"https://www.dgbf.ci/wp-content/uploads/2025/12/Loi-de-Finances-2026.pdf";"https://www.dgbf.ci/wp-content/uploads/2025/12/Annexe-4-DPPD-PAP-2026-2028.pdf";"SECTION_NON_PORTEFEUILLE_ACTUEL"
"357";"gov-012";"DGBF_CODE_PROGRAMME";"23248";"";"Fonds d'appui à la jeunesse";"4300000000";"2026";"LFI_2026_ET_ANNEXE_4_DPPD";"52";"955";"https://www.dgbf.ci/wp-content/uploads/2025/12/Loi-de-Finances-2026.pdf";"https://www.dgbf.ci/wp-content/uploads/2025/12/Annexe-4-DPPD-PAP-2026-2028.pdf";"SECTION_NON_PORTEFEUILLE_ACTUEL"
"357";"gov-012";"DGBF_CODE_PROGRAMME";"23252";"";"Appui au financement du service civique";"509250000";"2026";"LFI_2026_ET_ANNEXE_4_DPPD";"52";"957";"https://www.dgbf.ci/wp-content/uploads/2025/12/Loi-de-Finances-2026.pdf";"https://www.dgbf.ci/wp-content/uploads/2025/12/Annexe-4-DPPD-PAP-2026-2028.pdf";"SECTION_NON_PORTEFEUILLE_ACTUEL"
"358";"gov-014";"DGBF_CODE_PROGRAMME";"21050";"";"Administration Générale";"16387778395";"2026";"LFI_2026_ET_ANNEXE_4_DPPD";"52";"972";"https://www.dgbf.ci/wp-content/uploads/2025/12/Loi-de-Finances-2026.pdf";"https://www.dgbf.ci/wp-content/uploads/2025/12/Annexe-4-DPPD-PAP-2026-2028.pdf";"SECTION_NON_PORTEFEUILLE_ACTUEL"
"358";"gov-014";"DGBF_CODE_PROGRAMME";"22051";"";"Foncier et urbanisme";"16302276827";"2026";"LFI_2026_ET_ANNEXE_4_DPPD";"52";"981";"https://www.dgbf.ci/wp-content/uploads/2025/12/Loi-de-Finances-2026.pdf";"https://www.dgbf.ci/wp-content/uploads/2025/12/Annexe-4-DPPD-PAP-2026-2028.pdf";"SECTION_NON_PORTEFEUILLE_ACTUEL"
"358";"gov-014";"DGBF_CODE_PROGRAMME";"22052";"";"Construction et maintenance";"3009475173";"2026";"LFI_2026_ET_ANNEXE_4_DPPD";"52";"983";"https://www.dgbf.ci/wp-content/uploads/2025/12/Loi-de-Finances-2026.pdf";"https://www.dgbf.ci/wp-content/uploads/2025/12/Annexe-4-DPPD-PAP-2026-2028.pdf";"SECTION_NON_PORTEFEUILLE_ACTUEL"
"358";"gov-014";"DGBF_CODE_PROGRAMME";"22053";"";"Logement et cadre de vie";"87548184003";"2026";"LFI_2026_ET_ANNEXE_4_DPPD";"52";"985";"https://www.dgbf.ci/wp-content/uploads/2025/12/Loi-de-Finances-2026.pdf";"https://www.dgbf.ci/wp-content/uploads/2025/12/Annexe-4-DPPD-PAP-2026-2028.pdf";"SECTION_NON_PORTEFEUILLE_ACTUEL"
"366";"gov-011";"DGBF_CODE_PROGRAMME";"21147";"";"Administration Générale";"8621283913";"2026";"LFI_2026_ET_ANNEXE_4_DPPD";"53";"1031";"https://www.dgbf.ci/wp-content/uploads/2025/12/Loi-de-Finances-2026.pdf";"https://www.dgbf.ci/wp-content/uploads/2025/12/Annexe-4-DPPD-PAP-2026-2028.pdf";"SECTION_NON_PORTEFEUILLE_ACTUEL"
"366";"gov-011";"DGBF_CODE_PROGRAMME";"22131";"";"Infrastructures de l'hydraulique humaine";"126703064215";"2026";"LFI_2026_ET_ANNEXE_4_DPPD";"53";"1036";"https://www.dgbf.ci/wp-content/uploads/2025/12/Loi-de-Finances-2026.pdf";"https://www.dgbf.ci/wp-content/uploads/2025/12/Annexe-4-DPPD-PAP-2026-2028.pdf";"SECTION_NON_PORTEFEUILLE_ACTUEL"
"366";"gov-011";"DGBF_CODE_PROGRAMME";"22148";"";"Assainissement et drainage";"139226132928";"2026";"LFI_2026_ET_ANNEXE_4_DPPD";"53";"1040";"https://www.dgbf.ci/wp-content/uploads/2025/12/Loi-de-Finances-2026.pdf";"https://www.dgbf.ci/wp-content/uploads/2025/12/Annexe-4-DPPD-PAP-2026-2028.pdf";"SECTION_NON_PORTEFEUILLE_ACTUEL"
"366";"gov-011";"DGBF_CODE_PROGRAMME";"22149";"";"Salubrité et lutte contre les nuisances";"19190669907";"2026";"LFI_2026_ET_ANNEXE_4_DPPD";"53";"1042";"https://www.dgbf.ci/wp-content/uploads/2025/12/Loi-de-Finances-2026.pdf";"https://www.dgbf.ci/wp-content/uploads/2025/12/Annexe-4-DPPD-PAP-2026-2028.pdf";"SECTION_NON_PORTEFEUILLE_ACTUEL"
"366";"gov-011";"DGBF_CODE_PROGRAMME";"23239";"";"Appui au financement de la salubrité urbaine";"184539000000";"2026";"LFI_2026_ET_ANNEXE_4_DPPD";"53";"1044";"https://www.dgbf.ci/wp-content/uploads/2025/12/Loi-de-Finances-2026.pdf";"https://www.dgbf.ci/wp-content/uploads/2025/12/Annexe-4-DPPD-PAP-2026-2028.pdf";"SECTION_NON_PORTEFEUILLE_ACTUEL"
"366";"gov-011";"DGBF_CODE_PROGRAMME";"23240";"";"Appui au financement de l'assainissement et le drainage";"24613000000";"2026";"LFI_2026_ET_ANNEXE_4_DPPD";"53";"1047";"https://www.dgbf.ci/wp-content/uploads/2025/12/Loi-de-Finances-2026.pdf";"https://www.dgbf.ci/wp-content/uploads/2025/12/Annexe-4-DPPD-PAP-2026-2028.pdf";"SECTION_NON_PORTEFEUILLE_ACTUEL"
"369";"gov-026";"DGBF_CODE_PROGRAMME";"21122";"";"Administration Générale";"4453244145";"2026";"LFI_2026_ET_ANNEXE_4_DPPD";"53";"1061";"https://www.dgbf.ci/wp-content/uploads/2025/12/Loi-de-Finances-2026.pdf";"https://www.dgbf.ci/wp-content/uploads/2025/12/Annexe-4-DPPD-PAP-2026-2028.pdf";"SECTION_NON_PORTEFEUILLE_ACTUEL"
"369";"gov-026";"DGBF_CODE_PROGRAMME";"22123";"";"Solidarité et Action Humanitaire";"4207204503";"2026";"LFI_2026_ET_ANNEXE_4_DPPD";"53";"1065";"https://www.dgbf.ci/wp-content/uploads/2025/12/Loi-de-Finances-2026.pdf";"https://www.dgbf.ci/wp-content/uploads/2025/12/Annexe-4-DPPD-PAP-2026-2028.pdf";"SECTION_NON_PORTEFEUILLE_ACTUEL"
"369";"gov-026";"DGBF_CODE_PROGRAMME";"22124";"";"Lutte contre la pauvreté";"42037873689";"2026";"LFI_2026_ET_ANNEXE_4_DPPD";"53";"1067";"https://www.dgbf.ci/wp-content/uploads/2025/12/Loi-de-Finances-2026.pdf";"https://www.dgbf.ci/wp-content/uploads/2025/12/Annexe-4-DPPD-PAP-2026-2028.pdf";"SECTION_NON_PORTEFEUILLE_ACTUEL"
"369";"gov-026";"DGBF_CODE_PROGRAMME";"22227";"";"Cohésion Nationale";"6663427862";"2026";"LFI_2026_ET_ANNEXE_4_DPPD";"53";"1069";"https://www.dgbf.ci/wp-content/uploads/2025/12/Loi-de-Finances-2026.pdf";"https://www.dgbf.ci/wp-content/uploads/2025/12/Annexe-4-DPPD-PAP-2026-2028.pdf";"SECTION_NON_PORTEFEUILLE_ACTUEL"
"376";"gov-016";"DGBF_CODE_PROGRAMME";"21236";"";"Administration Générale";"40514471209";"2026";"LFI_2026_ET_ANNEXE_4_DPPD";"53";"1080";"https://www.dgbf.ci/wp-content/uploads/2025/12/Loi-de-Finances-2026.pdf";"https://www.dgbf.ci/wp-content/uploads/2025/12/Annexe-4-DPPD-PAP-2026-2028.pdf";"SECTION_NON_PORTEFEUILLE_ACTUEL"
"376";"gov-016";"DGBF_CODE_PROGRAMME";"22087";"";"Portefeuille de l'État";"7998654189";"2026";"LFI_2026_ET_ANNEXE_4_DPPD";"53";"1083";"https://www.dgbf.ci/wp-content/uploads/2025/12/Loi-de-Finances-2026.pdf";"https://www.dgbf.ci/wp-content/uploads/2025/12/Annexe-4-DPPD-PAP-2026-2028.pdf";"SECTION_NON_PORTEFEUILLE_ACTUEL"
"376";"gov-016";"DGBF_CODE_PROGRAMME";"22239";"";"Gestion des Établissements Publics Nationaux";"700000000";"2026";"LFI_2026_ET_ANNEXE_4_DPPD";"53";"1085";"https://www.dgbf.ci/wp-content/uploads/2025/12/Loi-de-Finances-2026.pdf";"https://www.dgbf.ci/wp-content/uploads/2025/12/Annexe-4-DPPD-PAP-2026-2028.pdf";"SECTION_NON_PORTEFEUILLE_ACTUEL"
"237";"gov-003";"ARTICLE_15_PROGRAMME_NUMEROTE";"";"1";"Administration Générale";"28450607800";"2026";"LFI_2026_ARTICLE_15";"15";"";"https://www.dgbf.ci/wp-content/uploads/2025/12/Loi-de-Finances-2026.pdf";"";"SECTION_NON_PORTEFEUILLE_ACTUEL"
"237";"gov-003";"ARTICLE_15_PROGRAMME_NUMEROTE";"";"2";"Fonction Publique";"14396485400";"2026";"LFI_2026_ARTICLE_15";"15";"";"https://www.dgbf.ci/wp-content/uploads/2025/12/Loi-de-Finances-2026.pdf";"";"SECTION_NON_PORTEFEUILLE_ACTUEL"
"237";"gov-003";"ARTICLE_15_PROGRAMME_NUMEROTE";"";"3";"Modernisation de l'Administration";"2274847716";"2026";"LFI_2026_ARTICLE_15";"15";"";"https://www.dgbf.ci/wp-content/uploads/2025/12/Loi-de-Finances-2026.pdf";"";"SECTION_NON_PORTEFEUILLE_ACTUEL"
"325";"gov-005";"ARTICLE_15_PROGRAMME_NUMEROTE";"";"1";"Administration Générale";"94913084375";"2026";"LFI_2026_ARTICLE_15";"14";"";"https://www.dgbf.ci/wp-content/uploads/2025/12/Loi-de-Finances-2026.pdf";"";"SECTION_NON_PORTEFEUILLE_ACTUEL"
"325";"gov-005";"ARTICLE_15_PROGRAMME_NUMEROTE";"";"2";"Juridictions";"11202593764";"2026";"LFI_2026_ARTICLE_15";"14";"";"https://www.dgbf.ci/wp-content/uploads/2025/12/Loi-de-Finances-2026.pdf";"";"SECTION_NON_PORTEFEUILLE_ACTUEL"
"325";"gov-005";"ARTICLE_15_PROGRAMME_NUMEROTE";"";"3";"Etablissements pénitentiaires, centres d'observation et de rééducation des mineurs";"20882892824";"2026";"LFI_2026_ARTICLE_15";"14";"";"https://www.dgbf.ci/wp-content/uploads/2025/12/Loi-de-Finances-2026.pdf";"";"SECTION_NON_PORTEFEUILLE_ACTUEL"
"325";"gov-005";"ARTICLE_15_PROGRAMME_NUMEROTE";"";"4";"Droits de l'Homme";"2152736828";"2026";"LFI_2026_ARTICLE_15";"14";"";"https://www.dgbf.ci/wp-content/uploads/2025/12/Loi-de-Finances-2026.pdf";"";"SECTION_NON_PORTEFEUILLE_ACTUEL"
"330";"gov-025";"ARTICLE_15_PROGRAMME_NUMEROTE";"";"1";"Administration Générale";"7964881215";"2026";"LFI_2026_ARTICLE_15";"18";"";"https://www.dgbf.ci/wp-content/uploads/2025/12/Loi-de-Finances-2026.pdf";"";"SECTION_NON_PORTEFEUILLE_ACTUEL"
"330";"gov-025";"ARTICLE_15_PROGRAMME_NUMEROTE";"";"2";"Infrastructures routières et ouvrages d'arts";"446634263710";"2026";"LFI_2026_ARTICLE_15";"18";"";"https://www.dgbf.ci/wp-content/uploads/2025/12/Loi-de-Finances-2026.pdf";"";"SECTION_NON_PORTEFEUILLE_ACTUEL"
"330";"gov-025";"ARTICLE_15_PROGRAMME_NUMEROTE";"";"3";"Fonds d'Entretien Routier (FER)";"279843760018";"2026";"LFI_2026_ARTICLE_15";"18";"";"https://www.dgbf.ci/wp-content/uploads/2025/12/Loi-de-Finances-2026.pdf";"";"SECTION_NON_PORTEFEUILLE_ACTUEL"
"334";"gov-034";"ARTICLE_15_PROGRAMME_NUMEROTE";"";"1";"Administration Générale";"14408855796";"2026";"LFI_2026_ARTICLE_15";"16";"";"https://www.dgbf.ci/wp-content/uploads/2025/12/Loi-de-Finances-2026.pdf";"";"SECTION_NON_PORTEFEUILLE_ACTUEL"
"334";"gov-034";"ARTICLE_15_PROGRAMME_NUMEROTE";"";"2";"Formation professionnelle et apprentissage";"111002347046";"2026";"LFI_2026_ARTICLE_15";"16";"";"https://www.dgbf.ci/wp-content/uploads/2025/12/Loi-de-Finances-2026.pdf";"";"SECTION_NON_PORTEFEUILLE_ACTUEL"
"334";"gov-034";"ARTICLE_15_PROGRAMME_NUMEROTE";"";"3";"Enseignement secondaire technique";"10890652470";"2026";"LFI_2026_ARTICLE_15";"16";"";"https://www.dgbf.ci/wp-content/uploads/2025/12/Loi-de-Finances-2026.pdf";"";"SECTION_NON_PORTEFEUILLE_ACTUEL"
"334";"gov-034";"ARTICLE_15_PROGRAMME_NUMEROTE";"";"4";"Fonds de Développement de la Formation Professionnelle";"46000000000";"2026";"LFI_2026_ARTICLE_15";"16";"";"https://www.dgbf.ci/wp-content/uploads/2025/12/Loi-de-Finances-2026.pdf";"";"SECTION_NON_PORTEFEUILLE_ACTUEL"
"336";"gov-017";"ARTICLE_15_PROGRAMME_NUMEROTE";"";"1";"Administration Générale";"7354634682";"2026";"LFI_2026_ARTICLE_15";"17";"";"https://www.dgbf.ci/wp-content/uploads/2025/12/Loi-de-Finances-2026.pdf";"";"SECTION_NON_PORTEFEUILLE_ACTUEL"
"336";"gov-017";"ARTICLE_15_PROGRAMME_NUMEROTE";"";"2";"Communication et médias";"12252100615";"2026";"LFI_2026_ARTICLE_15";"17";"";"https://www.dgbf.ci/wp-content/uploads/2025/12/Loi-de-Finances-2026.pdf";"";"SECTION_NON_PORTEFEUILLE_ACTUEL"
"336";"gov-017";"ARTICLE_15_PROGRAMME_NUMEROTE";"";"3";"Appui au financement de la Radiodiffusion Télévision Ivoirienne (RTI)";"16465000001";"2026";"LFI_2026_ARTICLE_15";"17";"";"https://www.dgbf.ci/wp-content/uploads/2025/12/Loi-de-Finances-2026.pdf";"";"SECTION_NON_PORTEFEUILLE_ACTUEL"
"336";"gov-017";"ARTICLE_15_PROGRAMME_NUMEROTE";"";"4";"Appui au financement de la Société Ivoirienne de Télédiffusion (IDT)";"2035000000";"2026";"LFI_2026_ARTICLE_15";"17";"";"https://www.dgbf.ci/wp-content/uploads/2025/12/Loi-de-Finances-2026.pdf";"";"SECTION_NON_PORTEFEUILLE_ACTUEL"
"336";"gov-017";"ARTICLE_15_PROGRAMME_NUMEROTE";"";"5";"Appui au financement du secteur des médias";"1700000000";"2026";"LFI_2026_ARTICLE_15";"17";"";"https://www.dgbf.ci/wp-content/uploads/2025/12/Loi-de-Finances-2026.pdf";"";"SECTION_NON_PORTEFEUILLE_ACTUEL"
"343";"gov-031";"ARTICLE_15_PROGRAMME_NUMEROTE";"";"1";"Administration Générale";"7918536211";"2026";"LFI_2026_ARTICLE_15";"19";"";"https://www.dgbf.ci/wp-content/uploads/2025/12/Loi-de-Finances-2026.pdf";"";"SECTION_NON_PORTEFEUILLE_ACTUEL"
"343";"gov-031";"ARTICLE_15_PROGRAMME_NUMEROTE";"";"2";"Environnement et développement durable";"28761531042";"2026";"LFI_2026_ARTICLE_15";"19";"";"https://www.dgbf.ci/wp-content/uploads/2025/12/Loi-de-Finances-2026.pdf";"";"SECTION_NON_PORTEFEUILLE_ACTUEL"
"345";"gov-018";"ARTICLE_15_PROGRAMME_NUMEROTE";"";"1";"Administration Générale";"37824714687";"2026";"LFI_2026_ARTICLE_15";"19";"";"https://www.dgbf.ci/wp-content/uploads/2025/12/Loi-de-Finances-2026.pdf";"";"SECTION_NON_PORTEFEUILLE_ACTUEL"
"345";"gov-018";"ARTICLE_15_PROGRAMME_NUMEROTE";"";"2";"Gestion durable des ressources forestières";"58463516601";"2026";"LFI_2026_ARTICLE_15";"19";"";"https://www.dgbf.ci/wp-content/uploads/2025/12/Loi-de-Finances-2026.pdf";"";"SECTION_NON_PORTEFEUILLE_ACTUEL"
"345";"gov-018";"ARTICLE_15_PROGRAMME_NUMEROTE";"";"3";"Gestion durable des ressources fauniques";"917332688";"2026";"LFI_2026_ARTICLE_15";"19";"";"https://www.dgbf.ci/wp-content/uploads/2025/12/Loi-de-Finances-2026.pdf";"";"SECTION_NON_PORTEFEUILLE_ACTUEL"
"345";"gov-018";"ARTICLE_15_PROGRAMME_NUMEROTE";"";"4";"Gestion intégrée des ressources en eau";"5092018667";"2026";"LFI_2026_ARTICLE_15";"19";"";"https://www.dgbf.ci/wp-content/uploads/2025/12/Loi-de-Finances-2026.pdf";"";"SECTION_NON_PORTEFEUILLE_ACTUEL"
"345";"gov-018";"ARTICLE_15_PROGRAMME_NUMEROTE";"";"5";"Fonds Forestier National";"900000000";"2026";"LFI_2026_ARTICLE_15";"19";"";"https://www.dgbf.ci/wp-content/uploads/2025/12/Loi-de-Finances-2026.pdf";"";"SECTION_NON_PORTEFEUILLE_ACTUEL"
"348";"gov-008";"ARTICLE_15_PROGRAMME_NUMEROTE";"";"1";"Administration Générale";"8701872126";"2026";"LFI_2026_ARTICLE_15";"18";"";"https://www.dgbf.ci/wp-content/uploads/2025/12/Loi-de-Finances-2026.pdf";"";"SECTION_NON_PORTEFEUILLE_ACTUEL"
"348";"gov-008";"ARTICLE_15_PROGRAMME_NUMEROTE";"";"2";"Hydrocarbures";"116054336";"2026";"LFI_2026_ARTICLE_15";"18";"";"https://www.dgbf.ci/wp-content/uploads/2025/12/Loi-de-Finances-2026.pdf";"";"SECTION_NON_PORTEFEUILLE_ACTUEL"
"348";"gov-008";"ARTICLE_15_PROGRAMME_NUMEROTE";"";"3";"Energie";"320914619601";"2026";"LFI_2026_ARTICLE_15";"18";"";"https://www.dgbf.ci/wp-content/uploads/2025/12/Loi-de-Finances-2026.pdf";"";"SECTION_NON_PORTEFEUILLE_ACTUEL"
"348";"gov-008";"ARTICLE_15_PROGRAMME_NUMEROTE";"";"4";"Mines et géologie";"783321335";"2026";"LFI_2026_ARTICLE_15";"18";"";"https://www.dgbf.ci/wp-content/uploads/2025/12/Loi-de-Finances-2026.pdf";"";"SECTION_NON_PORTEFEUILLE_ACTUEL"
"348";"gov-008";"ARTICLE_15_PROGRAMME_NUMEROTE";"";"5";"Appui au financement du secteur de l’électricité";"70368000000";"2026";"LFI_2026_ARTICLE_15";"18";"";"https://www.dgbf.ci/wp-content/uploads/2025/12/Loi-de-Finances-2026.pdf";"";"SECTION_NON_PORTEFEUILLE_ACTUEL"
"348";"gov-008";"ARTICLE_15_PROGRAMME_NUMEROTE";"";"6";"Appui au financement de la Société Ivoirienne de Raffinage (SIR)";"57906341617";"2026";"LFI_2026_ARTICLE_15";"18";"";"https://www.dgbf.ci/wp-content/uploads/2025/12/Loi-de-Finances-2026.pdf";"";"SECTION_NON_PORTEFEUILLE_ACTUEL"
"348";"gov-008";"ARTICLE_15_PROGRAMME_NUMEROTE";"";"7";"Appui au financement du secteur minier";"28500000000";"2026";"LFI_2026_ARTICLE_15";"18";"";"https://www.dgbf.ci/wp-content/uploads/2025/12/Loi-de-Finances-2026.pdf";"";"SECTION_NON_PORTEFEUILLE_ACTUEL"
"348";"gov-008";"ARTICLE_15_PROGRAMME_NUMEROTE";"";"8";"Péréquation produit à la Société Ivoirienne de Raffinage (SIR)";"105000000000";"2026";"LFI_2026_ARTICLE_15";"18";"";"https://www.dgbf.ci/wp-content/uploads/2025/12/Loi-de-Finances-2026.pdf";"";"SECTION_NON_PORTEFEUILLE_ACTUEL"
"348";"gov-008";"ARTICLE_15_PROGRAMME_NUMEROTE";"";"9";"Péréquation transport à la Société d'Etudes et de Gestion en Hydrocarbures (SEGH)";"70000000000";"2026";"LFI_2026_ARTICLE_15";"18";"";"https://www.dgbf.ci/wp-content/uploads/2025/12/Loi-de-Finances-2026.pdf";"";"SECTION_NON_PORTEFEUILLE_ACTUEL"
"348";"gov-008";"ARTICLE_15_PROGRAMME_NUMEROTE";"";"10";"Appui au financement à Côte d’Ivoire Energies (CI ENERGIES)";"43770000000";"2026";"LFI_2026_ARTICLE_15";"18";"";"https://www.dgbf.ci/wp-content/uploads/2025/12/Loi-de-Finances-2026.pdf";"";"SECTION_NON_PORTEFEUILLE_ACTUEL"
"362";"gov-023";"ARTICLE_15_PROGRAMME_NUMEROTE";"";"1";"Administration Générale";"35849618984";"2026";"LFI_2026_ARTICLE_15";"16";"";"https://www.dgbf.ci/wp-content/uploads/2025/12/Loi-de-Finances-2026.pdf";"";"SECTION_NON_PORTEFEUILLE_ACTUEL"
"362";"gov-023";"ARTICLE_15_PROGRAMME_NUMEROTE";"";"2";"Emploi";"2451846262";"2026";"LFI_2026_ARTICLE_15";"16";"";"https://www.dgbf.ci/wp-content/uploads/2025/12/Loi-de-Finances-2026.pdf";"";"SECTION_NON_PORTEFEUILLE_ACTUEL"
"362";"gov-023";"ARTICLE_15_PROGRAMME_NUMEROTE";"";"3";"Travail";"6374402905";"2026";"LFI_2026_ARTICLE_15";"16";"";"https://www.dgbf.ci/wp-content/uploads/2025/12/Loi-de-Finances-2026.pdf";"";"SECTION_NON_PORTEFEUILLE_ACTUEL"
"362";"gov-023";"ARTICLE_15_PROGRAMME_NUMEROTE";"";"4";"Protection sociale";"46735545893";"2026";"LFI_2026_ARTICLE_15";"16";"";"https://www.dgbf.ci/wp-content/uploads/2025/12/Loi-de-Finances-2026.pdf";"";"SECTION_NON_PORTEFEUILLE_ACTUEL"
"439";"gov-033";"ARTICLE_15_PROGRAMME_NUMEROTE";"";"1";"Administration Générale";"3743491132";"2026";"LFI_2026_ARTICLE_15";"14";"";"https://www.dgbf.ci/wp-content/uploads/2025/12/Loi-de-Finances-2026.pdf";"";"SECTION_NON_PORTEFEUILLE_ACTUEL"
"439";"gov-033";"ARTICLE_15_PROGRAMME_NUMEROTE";"";"2";"Intégration Africaine";"1153795757";"2026";"LFI_2026_ARTICLE_15";"14";"";"https://www.dgbf.ci/wp-content/uploads/2025/12/Loi-de-Finances-2026.pdf";"";"SECTION_NON_PORTEFEUILLE_ACTUEL"
"439";"gov-033";"ARTICLE_15_PROGRAMME_NUMEROTE";"";"3";"Ivoiriens de l'extérieur";"225230000";"2026";"LFI_2026_ARTICLE_15";"14";"";"https://www.dgbf.ci/wp-content/uploads/2025/12/Loi-de-Finances-2026.pdf";"";"SECTION_NON_PORTEFEUILLE_ACTUEL"
"440";"gov-032";"ARTICLE_15_PROGRAMME_NUMEROTE";"";"1";"Administration Générale";"8311959782";"2026";"LFI_2026_ARTICLE_15";"18";"";"https://www.dgbf.ci/wp-content/uploads/2025/12/Loi-de-Finances-2026.pdf";"";"SECTION_NON_PORTEFEUILLE_ACTUEL"
"440";"gov-032";"ARTICLE_15_PROGRAMME_NUMEROTE";"";"2";"Transport maritime et fluvio-lagunaire";"5434406090";"2026";"LFI_2026_ARTICLE_15";"18";"";"https://www.dgbf.ci/wp-content/uploads/2025/12/Loi-de-Finances-2026.pdf";"";"SECTION_NON_PORTEFEUILLE_ACTUEL"
"444";"gov-030";"ARTICLE_15_PROGRAMME_NUMEROTE";"";"1";"Administration Générale";"17906782766";"2026";"LFI_2026_ARTICLE_15";"17";"";"https://www.dgbf.ci/wp-content/uploads/2025/12/Loi-de-Finances-2026.pdf";"";"SECTION_NON_PORTEFEUILLE_ACTUEL"
"444";"gov-030";"ARTICLE_15_PROGRAMME_NUMEROTE";"";"2";"Sport";"39900994619";"2026";"LFI_2026_ARTICLE_15";"17";"";"https://www.dgbf.ci/wp-content/uploads/2025/12/Loi-de-Finances-2026.pdf";"";"SECTION_NON_PORTEFEUILLE_ACTUEL"
"444";"gov-030";"ARTICLE_15_PROGRAMME_NUMEROTE";"";"3";"Appui au financement du développement du sport";"10900000000";"2026";"LFI_2026_ARTICLE_15";"17";"";"https://www.dgbf.ci/wp-content/uploads/2025/12/Loi-de-Finances-2026.pdf";"";"SECTION_NON_PORTEFEUILLE_ACTUEL"
"444";"gov-030";"ARTICLE_15_PROGRAMME_NUMEROTE";"";"4";"Appui à l’entretien et à la sécurisation des infrastructures";"1720000000";"2026";"LFI_2026_ARTICLE_15";"17";"";"https://www.dgbf.ci/wp-content/uploads/2025/12/Loi-de-Finances-2026.pdf";"";"SECTION_NON_PORTEFEUILLE_ACTUEL"
