code_action,lfi_pdf_page,lfi_libelle,lfi_cp_2026_fcfa,annex4_pdf_page,annex4_libelle,annex4_lfi_cp_verbatim_found,beneficiary_in_annex4,evidence_status
11016002313,210,Développer les autres services généraux de la commune de TIE-NDIKRO,15000000,337,Développer les autres services généraux de la Commune de Tié-Ndiékro,True,com-tie-n-diekro,NOMINATIVE_IN_ANNEXE4
14016001054,211,Développer la pêche et la chasse,29000000,336,Développer la pêche et la chasse,True,,BENEFICIAIRE_INDETERMINE
14016001055,211,Développer la préservation de la diversité biologique et la protection de la nature,15000000,336,Développer la préservation de la diversité biologique et la protection de la nature,True,,BENEFICIAIRE_INDETERMINE
14016001056,211,Développer l'enseignement pré-élémentaire,50689805,336,Développer l'enseignement pré-élémentaire,True,,BENEFICIAIRE_INDETERMINE
18016001492,218,"Développer la distribution, les entrepôts et les magasins dans la Commune Niakaramaougou",29800000,330,"Développer la distribution, les entrepôts et les magasins dans la communeNiakaramaougou",True,com-niakaramadougou,NOMINATIVE_IN_ANNEXE4
18016001674,219,Développer l'enseignement primaire dans la Commune Niakaramaougou,173394000,329,Développer l'enseignement primaire dans la communeNiakaramaougou,True,com-niakaramadougou,NOMINATIVE_IN_ANNEXE4
18016001855,219,"Promouvoir la recherche et le développement dans le domaine de l'agriculture, la sylviculture, la pêche et la chasse dans la commune",5000000,329,"Promouvoir la recherche et le développement dans le domaine de l'agriculture, la sylviculture, la pêche et la chasse dans la Commune de Tafiré",True,com-tafire,NOMINATIVE_IN_ANNEXE4
18016002784,221,Développer la prise en charge des personnes agées,50500000,328,Développer la prise en charge des personnes agées,True,,BENEFICIAIRE_INDETERMINE
22016000975,222,Promouvoir la recherche et le développement dans le domaine du logement et des équipements collectifs dans la commune de ouanin,10655546,327,Promouvoir la recherche et le développement dans le domaine du logement et des équipements collectifs dans la Commune de Ouaninou,True,com-ouaninou,NOMINATIVE_IN_ANNEXE4
23016001731,224,"Promouvoir la recherche et le développement dans le domaine de l'agriculture, la sylviculture, la pêche et la chasse dans la commune",152000000,324,"Promouvoir la recherche et le développement dans le domaine de l'agriculture, la sylviculture, la pêche et la chasse dans la Commune de Seydougou",True,com-seydougou,NOMINATIVE_IN_ANNEXE4
23016001990,225,Promouvoir la recherche et le développement dans le domaine du logement et des équipements collectifs dans la commune de seydou,28000000,323,Promouvoir la recherche et le développement dans le domaine du logement et des équipements collectifs dans la Commune de Seydougou,True,com-seydougou,NOMINATIVE_IN_ANNEXE4
24016001030,227,"Promouvoir la recherche et le développement dans le domaine de l'agriculture, la sylviculture, la pêche et la chasse dans la région du",133476000,322,"Promouvoir la recherche et le développement dans le domaine de l'agriculture, la sylviculture, la pêche et la chasse dans la Région du Tchologo",True,reg-conseil-regional-du-tchologo,NOMINATIVE_IN_ANNEXE4
25016001420,228,Développer les autres services généraux dans la Commune de Guiembré,4500000,321,Développer les autres services généraux dans la Commune de Guiembré,True,com-guiembe,NOMINATIVE_IN_ANNEXE4
25016001548,229,Développer des dispensaires et des maternités dans la Commune de Dokodougou,29900000,320,Développer des dispensaires et des maternités dans la Commune de Dokodougou,True,com-dikodougou,NOMINATIVE_IN_ANNEXE4
25016002927,231,Acquérir des appareils et du matériel thérapeutique,21473000,318,Acquérir des appareils et du matériel thérapeutique,True,,BENEFICIAIRE_INDETERMINE
35016000991,241,"Promouvoir la recherche et le développement dans le domaine de l'agriculture, la sylviculture, la pêche et la chasse dans la région dan",25000000,309,"Promouvoir la recherche et le développement dans le domaine de l'agriculture, la sylviculture, la pêche et la chasse dans la Région de la Marahoué",True,reg-conseil-regional-de-la-marahoue,NOMINATIVE_IN_ANNEXE4
35016001565,242,"Développer des services de radiodiffusion, de télévision et d'édition",25300000,308,"Développer des services de radiodiffusion, de télévision et d'édition",True,,BENEFICIAIRE_INDETERMINE
36016001998,244,Promouvoir la recherche et le développement concernant les services généraux des administrations publiques dans la commune de Sif,15000000,306,Promouvoir la recherche et le développement concernant les services généraux des administrations publiques dans la Commune de Sifié,True,com-sifie,NOMINATIVE_IN_ANNEXE4
37016001378,246,Développer les autres services généraux de Mankono,85200000,305,Développer les autres services généraux de Mankono,True,com-mankono,NOMINATIVE_IN_ANNEXE4
41016002390,249,DEVELOPPER LES EQUIPEMENTS COLLECTIFS,9000000,302,développer les équipements collectifs,True,,BENEFICIAIRE_INDETERMINE
43016001391,252,Développer les autres services généraux dans la commune de Kouibly,250000000,300,Développer les autres services généraux dans la Commune de Kouibly,True,com-kouibly,NOMINATIVE_IN_ANNEXE4
51016001076,252,Promouvoir la recherche et le développement dans le domaine du logement et des équipements collectifs dans la Région du Loh-djibou,44000000,299,Promouvoir la recherche et le développement dans le domaine du logement et des équipements collectifs dans la Région du Lôh-Djiboua,True,reg-conseil-regional-du-loh-djiboua,NOMINATIVE_IN_ANNEXE4
61016000675,258,"Développer la distribution, les entrepôts et les magasins dans la Commune d'Agnibilekrou",46500000,293,"Développer la distribution, les entrepôts et les magasins dans la Commune d’Agnibilékro",True,com-agnibilekro,NOMINATIVE_IN_ANNEXE4
61016000724,259,Développer l'enseignement primaire dans la Commune d'Agnibilekrou,89574000,293,Développer l'enseignement primaire dans la Commune d’Agnibilékro,True,com-agnibilekro,NOMINATIVE_IN_ANNEXE4
61016000775,259,Développer les transports routiers dans la commune d'agnibilekrou,41850000,293,Développer les transports routiers dans la Commune d’Agnibilékro,True,com-agnibilekro,NOMINATIVE_IN_ANNEXE4
61016000825,259,Développer le logement dans la commune d'agnibilekrou,36000000,293,Développer le logement dans la Commune d’Agnibilékro,True,com-agnibilekro,NOMINATIVE_IN_ANNEXE4
61016000828,259,Développer les services de protection civile dans la commune d'agnibilekrou,70220542,293,Développer les services de protection civile dans la Commune d’Agnibilékro,True,com-agnibilekro,NOMINATIVE_IN_ANNEXE4
61016000978,259,Développer l'éclairage public dans la commune d'agnibilekrou,191951000,293,Développer l'éclairage public dans la Commune d’Agnibilékro,True,com-agnibilekro,NOMINATIVE_IN_ANNEXE4
62016001117,260,Développer les services de police dans la commune de sandegue,29000000,292,Développer les services de police dans la Commune de Sandégué,True,com-sandegue,NOMINATIVE_IN_ANNEXE4
62016001128,260,Développer les autres services généraux dans la commune de sandegue,10500000,292,Développer les autres services généraux dans la Commune de Sandégué,True,com-sandegue,NOMINATIVE_IN_ANNEXE4
62016001172,260,Développer l'agriculture dans la commune de sandegue,24718000,292,Développer l'agriculture dans la Commune de Sandégué,True,com-sandegue,NOMINATIVE_IN_ANNEXE4
62016001174,260,Développer les transports routiers dans la commune de sandegue,43000000,292,Développer les transports routiers dans la Commune de Sandégué,True,com-sandegue,NOMINATIVE_IN_ANNEXE4
62016001236,261,Développer des services culturels dans la commune de sandegue,8000000,291,Développer des services culturels dans la Commune de Sandégué,True,com-sandegue,NOMINATIVE_IN_ANNEXE4
62016001251,261,Développer l'enseignement primaire dans la Commune de Sandégué,53500000,291,Développer l'enseignement primaire dans la Commune de Sandégué,True,com-sandegue,NOMINATIVE_IN_ANNEXE4
62016001306,261,Développer le logement dans le cadre de la protection sociale dans la commune de sandegue,15000000,291,Développer le logement dans le cadre de la protection sociale dans la Commune de Sandégué,True,com-sandegue,NOMINATIVE_IN_ANNEXE4
62016001396,261,Développer les services généraux de planification et de statistiques dans la commune de sandegue,23000000,291,Développer les services généraux de planification et de statistiques dans la Commune de Sandégué,True,com-sandegue,NOMINATIVE_IN_ANNEXE4
62016001437,261,Développer le logement dans la commune de sandegue,32000095,291,Développer le logement dans la Commune de Sandégué,True,com-sandegue,NOMINATIVE_IN_ANNEXE4
62016001438,261,Développer l'éclairage public dans la Commune de Sandégué,44393000,291,Développer l'éclairage public dans la Commune de Sandégué,True,com-sandegue,NOMINATIVE_IN_ANNEXE4
62016001469,262,Développer l'enseignement préélémentaire dans la commune de sandegue,16500000,291,Développer l'enseignement préélémentaire dans la Commune de Sandégué,True,com-sandegue,NOMINATIVE_IN_ANNEXE4
62016001530,262,"Développer des services de radiodiffusion, de télévision et d'édition dans la commune de sandegue",29000000,290,"Développer des services de radiodiffusion, de télévision et d'édition dans la Commune de Sandégué",True,com-sandegue,NOMINATIVE_IN_ANNEXE4
62016001547,262,Développer l'enseignement non défini par niveau dans la commune de sandegue,23224000,290,Développer l'enseignement non défini par niveau dans la Commune de Sandégué,True,com-sandegue,NOMINATIVE_IN_ANNEXE4
62016001677,262,Développer l'alimentation en eau dans la commune de sandegue,33854000,290,Développer l'alimentation en eau dans la Commune de Sandégué,True,com-sandegue,NOMINATIVE_IN_ANNEXE4
76016001569,267,"Promouvoir la recherche et le développement dans le domaine de l'agriculture, la sylviculture, la pêche et la chasse dans la Région de",57300000,285,"Promouvoir la recherche et le développement dans le domaine de l'agriculture, la sylviculture, la pêche et la chasse dans la Région de l’Agnéby-Tiassa",True,reg-conseil-regional-de-l-agneby-tiassa,NOMINATIVE_IN_ANNEXE4
77016000911,267,"Promouvoir la recherche et le développement dans le domaine de l'agriculture, la sylviculture, la pêche et la chasse dans la région dan",30000000,285,"Promouvoir la recherche et le développement dans le domaine de l'agriculture, la sylviculture, la pêche et la chasse dans la Région de la Mé",True,reg-conseil-regional-de-la-me,NOMINATIVE_IN_ANNEXE4
78016001838,270,Provision pour investissement des collectivités territoriales,3000000000,283,Provision pour investissement des collectivités territoriales,True,,BENEFICIAIRE_INDETERMINE
90016000010,271,Projet pilote d'Appui à la Mobilisation des Revenus Propres des Commune s de Côte d'Ivoire (PAMREC),131000000,282,Projet pilote d'Appui à la Mobilisation des Revenus Propres des Communes de Côte d'Ivoire (PAMREC),True,,BENEFICIAIRE_INDETERMINE
