institution_id,type,source_name,source_lfi_page_fonctionnement,source_lfi_code_action,cp_fonctionnement_fcfa,cp_salaires_fcfa,cp_cantines_fcfa,cp_investissements_nominativement_rattaches_fcfa,montant_total_cp_attribue_de_facon_certaine_fcfa,app_total_fcfa,app_fonctionnement_fcfa,ecart_application_moins_preuves_nominatives_fcfa,statut_rapprochement,correspondance_nom_alias_a_verifier,source_url,notes
inst-com-abobo,COMMUNE,,,,,,,,,,,,PAS_DE_LIGNE_NOMINATIVE_DANS_CE_PROGRAMME,NON,https://www.dgbf.ci/wp-content/uploads/2025/12/Loi-de-Finances-2026.pdf,Ne prouve pas l'absence de dotation ni le budget primitif
inst-com-adjame,COMMUNE,,,,,,,,,,,,PAS_DE_LIGNE_NOMINATIVE_DANS_CE_PROGRAMME,NON,https://www.dgbf.ci/wp-content/uploads/2025/12/Loi-de-Finances-2026.pdf,Ne prouve pas l'absence de dotation ni le budget primitif
inst-com-attecoube,COMMUNE,commune d'attecoube,207,78016001400,300000000,0,0,200000000,500000000,,,,ECRITURES_LFI_EXISTANTES_BUDGET_APPLICATION_INCONNU,NON,https://www.dgbf.ci/wp-content/uploads/2025/12/Loi-de-Finances-2026.pdf,"CP de section locale LFI, PAS budget primitif"
inst-com-cocody,COMMUNE,,,,,,,,,,,,PAS_DE_LIGNE_NOMINATIVE_DANS_CE_PROGRAMME,NON,https://www.dgbf.ci/wp-content/uploads/2025/12/Loi-de-Finances-2026.pdf,Ne prouve pas l'absence de dotation ni le budget primitif
inst-com-koumassi,COMMUNE,,,,,,,,,,,,PAS_DE_LIGNE_NOMINATIVE_DANS_CE_PROGRAMME,NON,https://www.dgbf.ci/wp-content/uploads/2025/12/Loi-de-Finances-2026.pdf,Ne prouve pas l'absence de dotation ni le budget primitif
inst-com-marcory,COMMUNE,,,,,,,,,,,,PAS_DE_LIGNE_NOMINATIVE_DANS_CE_PROGRAMME,NON,https://www.dgbf.ci/wp-content/uploads/2025/12/Loi-de-Finances-2026.pdf,Ne prouve pas l'absence de dotation ni le budget primitif
inst-com-plateau,COMMUNE,,,,,,,,,,,,PAS_DE_LIGNE_NOMINATIVE_DANS_CE_PROGRAMME,NON,https://www.dgbf.ci/wp-content/uploads/2025/12/Loi-de-Finances-2026.pdf,Ne prouve pas l'absence de dotation ni le budget primitif
inst-com-port-bouet,COMMUNE,,,,,,,,,,,,PAS_DE_LIGNE_NOMINATIVE_DANS_CE_PROGRAMME,NON,https://www.dgbf.ci/wp-content/uploads/2025/12/Loi-de-Finances-2026.pdf,Ne prouve pas l'absence de dotation ni le budget primitif
inst-com-treichville,COMMUNE,,,,,,,,,,,,PAS_DE_LIGNE_NOMINATIVE_DANS_CE_PROGRAMME,NON,https://www.dgbf.ci/wp-content/uploads/2025/12/Loi-de-Finances-2026.pdf,Ne prouve pas l'absence de dotation ni le budget primitif
inst-com-yopougon,COMMUNE,,,,,,,,,,,,PAS_DE_LIGNE_NOMINATIVE_DANS_CE_PROGRAMME,NON,https://www.dgbf.ci/wp-content/uploads/2025/12/Loi-de-Finances-2026.pdf,Ne prouve pas l'absence de dotation ni le budget primitif
inst-com-abengourou,COMMUNE,Commune d'Abengourou,206,61016000647,187239341,0,0,655193481,842432822,842432822,187239341,0,CONCORDANCE_ARITHMETIQUE_LFI_APPLICATION,NON,https://www.dgbf.ci/wp-content/uploads/2025/12/Loi-de-Finances-2026.pdf,"CP de section locale LFI, PAS budget primitif"
inst-com-aboisso,COMMUNE,Commune d'Aboisso,206,71016001181,145555382,0,0,584893835,730449217,730449217,145555382,0,CONCORDANCE_ARITHMETIQUE_LFI_APPLICATION,NON,https://www.dgbf.ci/wp-content/uploads/2025/12/Loi-de-Finances-2026.pdf,"CP de section locale LFI, PAS budget primitif"
inst-com-adiake,COMMUNE,Commune d'Adiaké,206,71016001838,124297659,0,0,524625091,648922750,648922750,124297659,0,CONCORDANCE_ARITHMETIQUE_LFI_APPLICATION,NON,https://www.dgbf.ci/wp-content/uploads/2025/12/Loi-de-Finances-2026.pdf,"CP de section locale LFI, PAS budget primitif"
inst-com-adzope,COMMUNE,Commune d'Adzopé,206,77016000883,156847914,0,0,563504143,720352057,720352057,156847914,0,CONCORDANCE_ARITHMETIQUE_LFI_APPLICATION,NON,https://www.dgbf.ci/wp-content/uploads/2025/12/Loi-de-Finances-2026.pdf,"CP de section locale LFI, PAS budget primitif"
inst-com-affery,COMMUNE,Commune d'Affery,207,77016001216,128569721,0,0,483331344,611901065,611901065,128569721,0,CONCORDANCE_ARITHMETIQUE_LFI_APPLICATION,NON,https://www.dgbf.ci/wp-content/uploads/2025/12/Loi-de-Finances-2026.pdf,"CP de section locale LFI, PAS budget primitif"
inst-com-agboville,COMMUNE,Commune d'Agboville,206,76016001216,165476265,0,0,597220913,762697178,762697178,165476265,0,CONCORDANCE_ARITHMETIQUE_LFI_APPLICATION,NON,https://www.dgbf.ci/wp-content/uploads/2025/12/Loi-de-Finances-2026.pdf,"CP de section locale LFI, PAS budget primitif"
inst-com-agnibilekro,COMMUNE,Commune d'Agnibilékrouu,206,61016000863,154525701,0,0,86350000,240875701,716971243,154525701,476095542,ACTIVITES_NON_NOMINATIVES_A_RELIER,OUI,https://www.dgbf.ci/wp-content/uploads/2025/12/Loi-de-Finances-2026.pdf,Alias documentaire à confirmer : nom source / référentiel GitHub
inst-com-agou,COMMUNE,Commune d'Agou,207,77016000884,118425947,0,0,454572266,572998213,572998213,118425947,0,CONCORDANCE_ARITHMETIQUE_LFI_APPLICATION,NON,https://www.dgbf.ci/wp-content/uploads/2025/12/Loi-de-Finances-2026.pdf,"CP de section locale LFI, PAS budget primitif"
inst-com-akoupe,COMMUNE,Commune d'Akoupé,207,77016001097,147204426,0,0,536163448,683367874,683367874,147204426,0,CONCORDANCE_ARITHMETIQUE_LFI_APPLICATION,NON,https://www.dgbf.ci/wp-content/uploads/2025/12/Loi-de-Finances-2026.pdf,"CP de section locale LFI, PAS budget primitif"
inst-com-alepe,COMMUNE,Commune d'Alépé,207,77016001067,120596175,0,0,520725179,641321354,641321354,120596175,0,CONCORDANCE_ARITHMETIQUE_LFI_APPLICATION,NON,https://www.dgbf.ci/wp-content/uploads/2025/12/Loi-de-Finances-2026.pdf,"CP de section locale LFI, PAS budget primitif"
inst-com-anoumaba,COMMUNE,Commune d'Anoumaba,201,16016000999,109707671,0,0,421918210,531625881,531625881,109707671,0,CONCORDANCE_ARITHMETIQUE_LFI_APPLICATION,NON,https://www.dgbf.ci/wp-content/uploads/2025/12/Loi-de-Finances-2026.pdf,"CP de section locale LFI, PAS budget primitif"
inst-com-anyama,COMMUNE,Commune d'Anyama,207,78016001670,318173061,0,0,1060152157,1378325218,1378325218,318173061,0,CONCORDANCE_ARITHMETIQUE_LFI_APPLICATION,NON,https://www.dgbf.ci/wp-content/uploads/2025/12/Loi-de-Finances-2026.pdf,"CP de section locale LFI, PAS budget primitif"
inst-com-arrah,COMMUNE,Commune d'Arrah,201,16016001118,121399799,0,0,455067097,576466896,576466896,121399799,0,CONCORDANCE_ARITHMETIQUE_LFI_APPLICATION,NON,https://www.dgbf.ci/wp-content/uploads/2025/12/Loi-de-Finances-2026.pdf,"CP de section locale LFI, PAS budget primitif"
inst-com-assinie-mafia,COMMUNE,Commune d'Assinie Mafia,206,71016001618,112631495,0,0,491549817,604181312,604181312,112631495,0,CONCORDANCE_ARITHMETIQUE_LFI_APPLICATION,NON,https://www.dgbf.ci/wp-content/uploads/2025/12/Loi-de-Finances-2026.pdf,"CP de section locale LFI, PAS budget primitif"
inst-com-assuefry,COMMUNE,Commune d'Assuefry,206,62016001744,121565717,0,0,464724653,586290370,586290370,121565717,0,CONCORDANCE_ARITHMETIQUE_LFI_APPLICATION,NON,https://www.dgbf.ci/wp-content/uploads/2025/12/Loi-de-Finances-2026.pdf,"CP de section locale LFI, PAS budget primitif"
inst-com-attiegouakro,COMMUNE,Commune d'Attiegouakro,200,11016002025,106576134,0,0,408272186,514848320,514848320,106576134,0,CONCORDANCE_ARITHMETIQUE_LFI_APPLICATION,NON,https://www.dgbf.ci/wp-content/uploads/2025/12/Loi-de-Finances-2026.pdf,"CP de section locale LFI, PAS budget primitif"
inst-com-ayame,COMMUNE,Commune d'Ayamé,206,71016001182,112567534,0,0,491368479,603936013,603936013,112567534,0,CONCORDANCE_ARITHMETIQUE_LFI_APPLICATION,NON,https://www.dgbf.ci/wp-content/uploads/2025/12/Loi-de-Finances-2026.pdf,"CP de section locale LFI, PAS budget primitif"
inst-com-azaguie,COMMUNE,Commune d'Azaguié,206,76016001497,122843030,0,0,476349475,599192505,599192505,122843030,0,CONCORDANCE_ARITHMETIQUE_LFI_APPLICATION,NON,https://www.dgbf.ci/wp-content/uploads/2025/12/Loi-de-Finances-2026.pdf,"CP de section locale LFI, PAS budget primitif"
inst-com-bako,COMMUNE,Commune de Bako,202,23016001672,104856797,0,0,424416368,529273165,529273165,104856797,0,CONCORDANCE_ARITHMETIQUE_LFI_APPLICATION,NON,https://www.dgbf.ci/wp-content/uploads/2025/12/Loi-de-Finances-2026.pdf,"CP de section locale LFI, PAS budget primitif"
inst-com-bangolo,COMMUNE,Commune de Bangolo,205,43016000973,134462964,0,0,499675538,634138502,634138502,134462964,0,CONCORDANCE_ARITHMETIQUE_LFI_APPLICATION,NON,https://www.dgbf.ci/wp-content/uploads/2025/12/Loi-de-Finances-2026.pdf,"CP de section locale LFI, PAS budget primitif"
inst-com-bassawa,COMMUNE,Commune de Bassawa,201,18016001440,101708161,0,0,402214054,503922215,503922215,101708161,0,CONCORDANCE_ARITHMETIQUE_LFI_APPLICATION,NON,https://www.dgbf.ci/wp-content/uploads/2025/12/Loi-de-Finances-2026.pdf,"CP de section locale LFI, PAS budget primitif"
inst-com-bediala,COMMUNE,Commune de Bédiala,203,31016001054,119160544,0,0,458715073,577875617,577875617,119160544,0,CONCORDANCE_ARITHMETIQUE_LFI_APPLICATION,NON,https://www.dgbf.ci/wp-content/uploads/2025/12/Loi-de-Finances-2026.pdf,"CP de section locale LFI, PAS budget primitif"
inst-com-beoumi,COMMUNE,Commune de Béoumi,201,17016001569,132499183,0,0,485449443,617948626,617948626,132499183,0,CONCORDANCE_ARITHMETIQUE_LFI_APPLICATION,NON,https://www.dgbf.ci/wp-content/uploads/2025/12/Loi-de-Finances-2026.pdf,"CP de section locale LFI, PAS budget primitif"
inst-com-bettie,COMMUNE,Commune de Bettié,206,61016000876,114010131,0,0,447577998,561588129,561588129,114010131,0,CONCORDANCE_ARITHMETIQUE_LFI_APPLICATION,NON,https://www.dgbf.ci/wp-content/uploads/2025/12/Loi-de-Finances-2026.pdf,"CP de section locale LFI, PAS budget primitif"
inst-com-biankouma,COMMUNE,Commune de Biankouma,205,41016001548,125816248,0,0,480299035,606115283,606115283,125816248,0,CONCORDANCE_ARITHMETIQUE_LFI_APPLICATION,NON,https://www.dgbf.ci/wp-content/uploads/2025/12/Loi-de-Finances-2026.pdf,"CP de section locale LFI, PAS budget primitif"
inst-com-bin-houye,COMMUNE,Commune de Bin-Houye,204,41016001547,118239132,0,0,458816804,577055936,577055936,118239132,0,CONCORDANCE_ARITHMETIQUE_LFI_APPLICATION,NON,https://www.dgbf.ci/wp-content/uploads/2025/12/Loi-de-Finances-2026.pdf,"CP de section locale LFI, PAS budget primitif"
inst-com-bingerville,COMMUNE,Commune de Bingerville,207,78016001901,224163617,0,0,793621679,1017785296,1017785296,224163617,0,CONCORDANCE_ARITHMETIQUE_LFI_APPLICATION,NON,https://www.dgbf.ci/wp-content/uploads/2025/12/Loi-de-Finances-2026.pdf,"CP de section locale LFI, PAS budget primitif"
inst-com-blolequin,COMMUNE,Commune de Bloléquin,205,42016000792,176713703,0,0,624516307,801230010,801230010,176713703,0,CONCORDANCE_ARITHMETIQUE_LFI_APPLICATION,NON,https://www.dgbf.ci/wp-content/uploads/2025/12/Loi-de-Finances-2026.pdf,"CP de section locale LFI, PAS budget primitif"
inst-com-bocanda,COMMUNE,Commune de Bocanda,200,14016000465,113466149,0,0,445732800,559198949,559198949,113466149,0,CONCORDANCE_ARITHMETIQUE_LFI_APPLICATION,NON,https://www.dgbf.ci/wp-content/uploads/2025/12/Loi-de-Finances-2026.pdf,"CP de section locale LFI, PAS budget primitif"
inst-com-bodokro,COMMUNE,Commune de Bodokro,201,17016001635,109942616,0,0,421498287,531440903,531440903,109942616,0,CONCORDANCE_ARITHMETIQUE_LFI_APPLICATION,NON,https://www.dgbf.ci/wp-content/uploads/2025/12/Loi-de-Finances-2026.pdf,"CP de section locale LFI, PAS budget primitif"
inst-com-bondoukou,COMMUNE,Commune de Bondoukou,206,62016001351,175196380,0,0,616775398,791971778,791971778,175196380,0,CONCORDANCE_ARITHMETIQUE_LFI_APPLICATION,NON,https://www.dgbf.ci/wp-content/uploads/2025/12/Loi-de-Finances-2026.pdf,"CP de section locale LFI, PAS budget primitif"
inst-com-bongouanou,COMMUNE,Commune de Bongouanou,201,16016001163,136510971,0,0,497909470,634420441,634420441,136510971,0,CONCORDANCE_ARITHMETIQUE_LFI_APPLICATION,NON,https://www.dgbf.ci/wp-content/uploads/2025/12/Loi-de-Finances-2026.pdf,"CP de section locale LFI, PAS budget primitif"
inst-com-bonieredougou,COMMUNE,Commune de Boniérédougou,201,18016001441,111153435,0,0,428992782,540146217,540146217,111153435,0,CONCORDANCE_ARITHMETIQUE_LFI_APPLICATION,NON,https://www.dgbf.ci/wp-content/uploads/2025/12/Loi-de-Finances-2026.pdf,"CP de section locale LFI, PAS budget primitif"
inst-com-bonon,COMMUNE,Commune de Bonon,204,35016001166,172748144,0,0,614230048,786978192,786978192,172748144,0,CONCORDANCE_ARITHMETIQUE_LFI_APPLICATION,NON,https://www.dgbf.ci/wp-content/uploads/2025/12/Loi-de-Finances-2026.pdf,"CP de section locale LFI, PAS budget primitif"
inst-com-bonoua,COMMUNE,Commune de Bonoua,206,71016001843,159373409,0,0,624069956,783443365,783443365,159373409,0,CONCORDANCE_ARITHMETIQUE_LFI_APPLICATION,NON,https://www.dgbf.ci/wp-content/uploads/2025/12/Loi-de-Finances-2026.pdf,"CP de section locale LFI, PAS budget primitif"
inst-com-booko,COMMUNE,Commune de Booko,202,22016001071,105751612,0,0,431205049,536956661,536956661,105751612,0,CONCORDANCE_ARITHMETIQUE_LFI_APPLICATION,NON,https://www.dgbf.ci/wp-content/uploads/2025/12/Loi-de-Finances-2026.pdf,"CP de section locale LFI, PAS budget primitif"
inst-com-borotou,COMMUNE,Commune de Borotou,202,22016001180,100358659,0,0,415915231,516273890,516273890,100358659,0,CONCORDANCE_ARITHMETIQUE_LFI_APPLICATION,NON,https://www.dgbf.ci/wp-content/uploads/2025/12/Loi-de-Finances-2026.pdf,"CP de section locale LFI, PAS budget primitif"
inst-com-botro,COMMUNE,Commune de Botro,201,17016001167,119729224,0,0,449244748,568973972,568973972,119729224,0,CONCORDANCE_ARITHMETIQUE_LFI_APPLICATION,NON,https://www.dgbf.ci/wp-content/uploads/2025/12/Loi-de-Finances-2026.pdf,"CP de section locale LFI, PAS budget primitif"
inst-com-bouafle,COMMUNE,Commune de Bouaflé,204,35016001038,169045395,0,0,603732212,772777607,772777607,169045395,0,CONCORDANCE_ARITHMETIQUE_LFI_APPLICATION,NON,https://www.dgbf.ci/wp-content/uploads/2025/12/Loi-de-Finances-2026.pdf,"CP de section locale LFI, PAS budget primitif"
inst-com-bouake,COMMUNE,Commune de Bouaké,201,17016001166,595940732,0,0,1799373777,2395314509,2395314509,595940732,0,CONCORDANCE_ARITHMETIQUE_LFI_APPLICATION,NON,https://www.dgbf.ci/wp-content/uploads/2025/12/Loi-de-Finances-2026.pdf,"CP de section locale LFI, PAS budget primitif"
inst-com-bouna,COMMUNE,Commune de Bouna,203,28016000639,126132885,0,0,553539895,679672780,679672780,126132885,0,CONCORDANCE_ARITHMETIQUE_LFI_APPLICATION,NON,https://www.dgbf.ci/wp-content/uploads/2025/12/Loi-de-Finances-2026.pdf,"CP de section locale LFI, PAS budget primitif"
inst-com-boundiali,COMMUNE,Commune de Boundiali,203,26016000964,142613827,0,0,536189376,678803203,678803203,142613827,0,CONCORDANCE_ARITHMETIQUE_LFI_APPLICATION,NON,https://www.dgbf.ci/wp-content/uploads/2025/12/Loi-de-Finances-2026.pdf,"CP de section locale LFI, PAS budget primitif"
inst-com-brobo,COMMUNE,Commune de Brobo,201,17016001381,113162811,0,0,430628011,543790822,543790822,113162811,0,CONCORDANCE_ARITHMETIQUE_LFI_APPLICATION,NON,https://www.dgbf.ci/wp-content/uploads/2025/12/Loi-de-Finances-2026.pdf,"CP de section locale LFI, PAS budget primitif"
inst-com-buyo,COMMUNE,Commune de Buyo,205,56016001139,128564022,0,0,482344421,610908443,610908443,128564022,0,CONCORDANCE_ARITHMETIQUE_LFI_APPLICATION,NON,https://www.dgbf.ci/wp-content/uploads/2025/12/Loi-de-Finances-2026.pdf,"CP de section locale LFI, PAS budget primitif"
inst-com-dabakala,COMMUNE,Commune de Dabakala,201,18016001787,121613846,0,0,458649572,580263418,580263418,121613846,0,CONCORDANCE_ARITHMETIQUE_LFI_APPLICATION,NON,https://www.dgbf.ci/wp-content/uploads/2025/12/Loi-de-Finances-2026.pdf,"CP de section locale LFI, PAS budget primitif"
inst-com-dabou,COMMUNE,Commune de Dabou,207,79016000545,173246531,0,0,676465251,849711782,849711782,173246531,0,CONCORDANCE_ARITHMETIQUE_LFI_APPLICATION,NON,https://www.dgbf.ci/wp-content/uploads/2025/12/Loi-de-Finances-2026.pdf,"CP de section locale LFI, PAS budget primitif"
inst-com-daloa,COMMUNE,Commune de Daloa,203,31016001441,321440119,0,0,1032207151,1353647270,1353647270,321440119,0,CONCORDANCE_ARITHMETIQUE_LFI_APPLICATION,NON,https://www.dgbf.ci/wp-content/uploads/2025/12/Loi-de-Finances-2026.pdf,"CP de section locale LFI, PAS budget primitif"
inst-com-danane,COMMUNE,Commune de Danané,204,41016001413,165318580,0,0,592293903,757612483,757612483,165318580,0,CONCORDANCE_ARITHMETIQUE_LFI_APPLICATION,NON,https://www.dgbf.ci/wp-content/uploads/2025/12/Loi-de-Finances-2026.pdf,"CP de section locale LFI, PAS budget primitif"
inst-com-daoukro,COMMUNE,Commune de Daoukro,201,15016001037,162783587,0,0,580034783,742818370,742818370,162783587,0,CONCORDANCE_ARITHMETIQUE_LFI_APPLICATION,NON,https://www.dgbf.ci/wp-content/uploads/2025/12/Loi-de-Finances-2026.pdf,"CP de section locale LFI, PAS budget primitif"
inst-com-diabo,COMMUNE,Commune de Diabo,201,17016001760,117387379,0,0,442605275,559992654,559992654,117387379,0,CONCORDANCE_ARITHMETIQUE_LFI_APPLICATION,NON,https://www.dgbf.ci/wp-content/uploads/2025/12/Loi-de-Finances-2026.pdf,"CP de section locale LFI, PAS budget primitif"
inst-com-dianra,COMMUNE,Commune de Dianra,204,37016000827,118871772,0,0,459557408,578429180,578429180,118871772,0,CONCORDANCE_ARITHMETIQUE_LFI_APPLICATION,NON,https://www.dgbf.ci/wp-content/uploads/2025/12/Loi-de-Finances-2026.pdf,"CP de section locale LFI, PAS budget primitif"
inst-com-diawala,COMMUNE,Commune de Diawala,202,24016000820,125490113,0,0,544771275,670261388,670261388,125490113,0,CONCORDANCE_ARITHMETIQUE_LFI_APPLICATION,NON,https://www.dgbf.ci/wp-content/uploads/2025/12/Loi-de-Finances-2026.pdf,"CP de section locale LFI, PAS budget primitif"
inst-com-didievi,COMMUNE,Commune de Didiévi,200,11016001943,110967252,0,0,427821783,538789035,538789035,110967252,0,CONCORDANCE_ARITHMETIQUE_LFI_APPLICATION,NON,https://www.dgbf.ci/wp-content/uploads/2025/12/Loi-de-Finances-2026.pdf,"CP de section locale LFI, PAS budget primitif"
inst-com-diegonefla,COMMUNE,Commune de Diégonéfla,204,32016001177,131965334,0,0,495593276,627558610,627558610,131965334,0,CONCORDANCE_ARITHMETIQUE_LFI_APPLICATION,NON,https://www.dgbf.ci/wp-content/uploads/2025/12/Loi-de-Finances-2026.pdf,"CP de section locale LFI, PAS budget primitif"
inst-com-dikodougou,COMMUNE,Commune de Dikodougou,202,25016001761,111849402,0,0,411465854,523315256,553215256,111849402,29900000,ACTIVITES_NON_NOMINATIVES_A_RELIER,NON,https://www.dgbf.ci/wp-content/uploads/2025/12/Loi-de-Finances-2026.pdf,Aucun montant inventé démontré ; rapprochement des activités orphelines requis
inst-com-dimbokro,COMMUNE,Commune de Dimbokro,200,14016000466,142265527,0,0,527383232,669648759,669648759,142265527,0,CONCORDANCE_ARITHMETIQUE_LFI_APPLICATION,NON,https://www.dgbf.ci/wp-content/uploads/2025/12/Loi-de-Finances-2026.pdf,"CP de section locale LFI, PAS budget primitif"
inst-com-dioulatiedougou,COMMUNE,Commune de Dioulatiédougou,202,23016001413,101562508,0,0,415076580,516639088,516639088,101562508,0,CONCORDANCE_ARITHMETIQUE_LFI_APPLICATION,NON,https://www.dgbf.ci/wp-content/uploads/2025/12/Loi-de-Finances-2026.pdf,"CP de section locale LFI, PAS budget primitif"
inst-com-divo,COMMUNE,Commune de Divo,205,51016001218,248773256,0,0,827643663,1076416919,1076416919,248773256,0,CONCORDANCE_ARITHMETIQUE_LFI_APPLICATION,NON,https://www.dgbf.ci/wp-content/uploads/2025/12/Loi-de-Finances-2026.pdf,"CP de section locale LFI, PAS budget primitif"
inst-com-djebonoua,COMMUNE,Commune de Djebonoua,201,17016001437,119900841,0,0,449731307,569632148,569632148,119900841,0,CONCORDANCE_ARITHMETIQUE_LFI_APPLICATION,NON,https://www.dgbf.ci/wp-content/uploads/2025/12/Loi-de-Finances-2026.pdf,"CP de section locale LFI, PAS budget primitif"
inst-com-djekanou,COMMUNE,Commune de Djekanou,200,11016001872,111230694,0,0,428568679,539799373,539799373,111230694,0,CONCORDANCE_ARITHMETIQUE_LFI_APPLICATION,NON,https://www.dgbf.ci/wp-content/uploads/2025/12/Loi-de-Finances-2026.pdf,"CP de section locale LFI, PAS budget primitif"
inst-com-djibrosso,COMMUNE,Commune de Djibrosso,204,36016001532,105407745,0,0,422548373,527956118,527956118,105407745,0,CONCORDANCE_ARITHMETIQUE_LFI_APPLICATION,NON,https://www.dgbf.ci/wp-content/uploads/2025/12/Loi-de-Finances-2026.pdf,"CP de section locale LFI, PAS budget primitif"
inst-com-doropo,COMMUNE,Commune de Doropo,203,28016000640,116858595,0,0,527245932,644104527,644104527,116858595,0,CONCORDANCE_ARITHMETIQUE_LFI_APPLICATION,NON,https://www.dgbf.ci/wp-content/uploads/2025/12/Loi-de-Finances-2026.pdf,"CP de section locale LFI, PAS budget primitif"
inst-com-dualla,COMMUNE,Commune de Dualla,204,36016000983,101744258,0,0,412161854,513906112,513906112,101744258,0,CONCORDANCE_ARITHMETIQUE_LFI_APPLICATION,NON,https://www.dgbf.ci/wp-content/uploads/2025/12/Loi-de-Finances-2026.pdf,"CP de section locale LFI, PAS budget primitif"
inst-com-duekoue,COMMUNE,Commune de Duékoué,205,43016000685,224931777,0,0,756167809,981099586,981099586,224931777,0,CONCORDANCE_ARITHMETIQUE_LFI_APPLICATION,NON,https://www.dgbf.ci/wp-content/uploads/2025/12/Loi-de-Finances-2026.pdf,"CP de section locale LFI, PAS budget primitif"
inst-com-ettrokro,COMMUNE,Commune d'Ettrokro,200,15016000769,106215802,0,0,419656867,525872669,525872669,106215802,0,CONCORDANCE_ARITHMETIQUE_LFI_APPLICATION,NON,https://www.dgbf.ci/wp-content/uploads/2025/12/Loi-de-Finances-2026.pdf,"CP de section locale LFI, PAS budget primitif"
inst-com-facobly,COMMUNE,Commune de Facobly,205,43016000686,116058138,0,0,447495172,563553310,563553310,116058138,0,CONCORDANCE_ARITHMETIQUE_LFI_APPLICATION,NON,https://www.dgbf.ci/wp-content/uploads/2025/12/Loi-de-Finances-2026.pdf,"CP de section locale LFI, PAS budget primitif"
inst-com-ferkessedougou,COMMUNE,Commune de Ferkessédougou,202,24016000818,151392264,0,0,618207648,769599912,769599912,151392264,0,CONCORDANCE_ARITHMETIQUE_LFI_APPLICATION,NON,https://www.dgbf.ci/wp-content/uploads/2025/12/Loi-de-Finances-2026.pdf,"CP de section locale LFI, PAS budget primitif"
inst-com-foumbolo,COMMUNE,Commune de Foumbolo,201,18016001761,110878594,0,0,428213569,539092163,539092163,110878594,0,CONCORDANCE_ARITHMETIQUE_LFI_APPLICATION,NON,https://www.dgbf.ci/wp-content/uploads/2025/12/Loi-de-Finances-2026.pdf,"CP de section locale LFI, PAS budget primitif"
inst-com-fresco,COMMUNE,Commune de Fresco,206,57016000509,116315247,0,0,511572452,627887699,627887699,116315247,0,CONCORDANCE_ARITHMETIQUE_LFI_APPLICATION,NON,https://www.dgbf.ci/wp-content/uploads/2025/12/Loi-de-Finances-2026.pdf,"CP de section locale LFI, PAS budget primitif"
inst-com-fronan,COMMUNE,Commune de Fronan,201,18016001708,119860312,0,0,453678047,573538359,573538359,119860312,0,CONCORDANCE_ARITHMETIQUE_LFI_APPLICATION,NON,https://www.dgbf.ci/wp-content/uploads/2025/12/Loi-de-Finances-2026.pdf,"CP de section locale LFI, PAS budget primitif"
inst-com-gagnoa,COMMUNE,Commune de Gagnoa,203,32016000785,238438234,0,0,797459466,1035897700,1035897700,238438234,0,CONCORDANCE_ARITHMETIQUE_LFI_APPLICATION,NON,https://www.dgbf.ci/wp-content/uploads/2025/12/Loi-de-Finances-2026.pdf,"CP de section locale LFI, PAS budget primitif"
inst-com-gbeleban,COMMUNE,Commune de Gbéléban,202,23016001748,101591006,0,0,475157374,576748380,576748380,101591006,0,CONCORDANCE_ARITHMETIQUE_LFI_APPLICATION,NON,https://www.dgbf.ci/wp-content/uploads/2025/12/Loi-de-Finances-2026.pdf,"CP de section locale LFI, PAS budget primitif"
inst-com-gboguhe,COMMUNE,Commune de Gboguhé,203,31016001316,114460389,0,0,445389447,559849836,559849836,114460389,0,CONCORDANCE_ARITHMETIQUE_LFI_APPLICATION,NON,https://www.dgbf.ci/wp-content/uploads/2025/12/Loi-de-Finances-2026.pdf,"CP de section locale LFI, PAS budget primitif"
inst-com-gbon,COMMUNE,Commune de Gbon,203,26016001209,106246199,0,0,433081850,539328049,539328049,106246199,0,CONCORDANCE_ARITHMETIQUE_LFI_APPLICATION,NON,https://www.dgbf.ci/wp-content/uploads/2025/12/Loi-de-Finances-2026.pdf,"CP de section locale LFI, PAS budget primitif"
inst-com-gbonne,COMMUNE,Commune de Gbonné,204,41016001143,108112456,0,0,430106202,538218658,538218658,108112456,0,CONCORDANCE_ARITHMETIQUE_LFI_APPLICATION,NON,https://www.dgbf.ci/wp-content/uploads/2025/12/Loi-de-Finances-2026.pdf,"CP de section locale LFI, PAS budget primitif"
inst-com-gohitafla,COMMUNE,Commune de Gohitafla,204,35016000737,119242870,0,0,437234796,556477666,581777666,119242870,25300000,ACTIVITES_NON_NOMINATIVES_A_RELIER,NON,https://www.dgbf.ci/wp-content/uploads/2025/12/Loi-de-Finances-2026.pdf,Aucun montant inventé démontré ; rapprochement des activités orphelines requis
inst-com-goulia,COMMUNE,Commune de Goulia,203,27016000855,105589494,0,0,493821039,599410533,599410533,105589494,0,CONCORDANCE_ARITHMETIQUE_LFI_APPLICATION,NON,https://www.dgbf.ci/wp-content/uploads/2025/12/Loi-de-Finances-2026.pdf,"CP de section locale LFI, PAS budget primitif"
inst-com-grabo,COMMUNE,Commune de Grabo,205,55016000919,119658931,0,0,457415284,577074215,577074215,119658931,0,CONCORDANCE_ARITHMETIQUE_LFI_APPLICATION,NON,https://www.dgbf.ci/wp-content/uploads/2025/12/Loi-de-Finances-2026.pdf,"CP de section locale LFI, PAS budget primitif"
inst-com-grand-bassam,COMMUNE,Commune de grand-bassam,206,71016001465,177621817,0,0,675806852,853428669,853428669,177621817,0,CONCORDANCE_ARITHMETIQUE_LFI_APPLICATION,NON,https://www.dgbf.ci/wp-content/uploads/2025/12/Loi-de-Finances-2026.pdf,"CP de section locale LFI, PAS budget primitif"
inst-com-grand-bereby,COMMUNE,Commune de Grand-Béréby,205,55016000751,117505801,0,0,511310847,628816648,628816648,117505801,0,CONCORDANCE_ARITHMETIQUE_LFI_APPLICATION,NON,https://www.dgbf.ci/wp-content/uploads/2025/12/Loi-de-Finances-2026.pdf,"CP de section locale LFI, PAS budget primitif"
inst-com-grand-lahou,COMMUNE,Commune de Grand-lahou,207,79016000734,125468581,0,0,541007801,666476382,666476382,125468581,0,CONCORDANCE_ARITHMETIQUE_LFI_APPLICATION,NON,https://www.dgbf.ci/wp-content/uploads/2025/12/Loi-de-Finances-2026.pdf,"CP de section locale LFI, PAS budget primitif"
inst-com-grand-zattry,COMMUNE,Commune de Grand-zattry,205,56016001190,126326667,0,0,476001193,602327860,602327860,126326667,0,CONCORDANCE_ARITHMETIQUE_LFI_APPLICATION,NON,https://www.dgbf.ci/wp-content/uploads/2025/12/Loi-de-Finances-2026.pdf,"CP de section locale LFI, PAS budget primitif"
inst-com-gueyo,COMMUNE,Commune de Gueyo,205,56016001044,115759866,0,0,446042772,561802638,561802638,115759866,0,CONCORDANCE_ARITHMETIQUE_LFI_APPLICATION,NON,https://www.dgbf.ci/wp-content/uploads/2025/12/Loi-de-Finances-2026.pdf,"CP de section locale LFI, PAS budget primitif"
inst-com-guiberoua,COMMUNE,Commune de Guibéroua,204,32016000947,125512910,0,0,477299716,602812626,602812626,125512910,0,CONCORDANCE_ARITHMETIQUE_LFI_APPLICATION,NON,https://www.dgbf.ci/wp-content/uploads/2025/12/Loi-de-Finances-2026.pdf,"CP de section locale LFI, PAS budget primitif"
inst-com-guiembe,COMMUNE,Commune de Guiémbé,202,25016001409,103725137,0,0,413832378,517557515,522057515,103725137,4500000,ACTIVITES_NON_NOMINATIVES_A_RELIER,NON,https://www.dgbf.ci/wp-content/uploads/2025/12/Loi-de-Finances-2026.pdf,Aucun montant inventé démontré ; rapprochement des activités orphelines requis
inst-com-guiglo,COMMUNE,Commune de Guiglo,205,42016001001,184188229,0,0,645707679,829895908,829895908,184188229,0,CONCORDANCE_ARITHMETIQUE_LFI_APPLICATION,NON,https://www.dgbf.ci/wp-content/uploads/2025/12/Loi-de-Finances-2026.pdf,"CP de section locale LFI, PAS budget primitif"
inst-com-guinteguela,COMMUNE,Commune de Guintéguéla,202,22016001205,111542898,0,0,447624188,559167086,559167086,111542898,0,CONCORDANCE_ARITHMETIQUE_LFI_APPLICATION,NON,https://www.dgbf.ci/wp-content/uploads/2025/12/Loi-de-Finances-2026.pdf,"CP de section locale LFI, PAS budget primitif"
inst-com-guitry,COMMUNE,Commune de Guitry,205,51016001171,131940636,0,0,556406155,688346791,688346791,131940636,0,CONCORDANCE_ARITHMETIQUE_LFI_APPLICATION,NON,https://www.dgbf.ci/wp-content/uploads/2025/12/Loi-de-Finances-2026.pdf,"CP de section locale LFI, PAS budget primitif"
inst-com-hire,COMMUNE,Commune de Hiré,205,51016001289,148220197,0,0,542561083,690781280,690781280,148220197,0,CONCORDANCE_ARITHMETIQUE_LFI_APPLICATION,NON,https://www.dgbf.ci/wp-content/uploads/2025/12/Loi-de-Finances-2026.pdf,"CP de section locale LFI, PAS budget primitif"
inst-com-issia,COMMUNE,Commune d'Issia,203,31016001055,164250881,0,0,586552750,750803631,750803631,164250881,0,CONCORDANCE_ARITHMETIQUE_LFI_APPLICATION,NON,https://www.dgbf.ci/wp-content/uploads/2025/12/Loi-de-Finances-2026.pdf,"CP de section locale LFI, PAS budget primitif"
inst-com-jacqueville,COMMUNE,Commune de Jacqueville,207,79016000667,130206733,0,0,554441152,684647885,684647885,130206733,0,CONCORDANCE_ARITHMETIQUE_LFI_APPLICATION,NON,https://www.dgbf.ci/wp-content/uploads/2025/12/Loi-de-Finances-2026.pdf,"CP de section locale LFI, PAS budget primitif"
inst-com-kanakono,COMMUNE,Commune de kanakono,203,26016001464,118134008,0,0,526785522,644919530,644919530,118134008,0,CONCORDANCE_ARITHMETIQUE_LFI_APPLICATION,NON,https://www.dgbf.ci/wp-content/uploads/2025/12/Loi-de-Finances-2026.pdf,"CP de section locale LFI, PAS budget primitif"
inst-com-kani,COMMUNE,Commune de Kani,204,36016000984,115517322,0,0,451210499,566727821,566727821,115517322,0,CONCORDANCE_ARITHMETIQUE_LFI_APPLICATION,NON,https://www.dgbf.ci/wp-content/uploads/2025/12/Loi-de-Finances-2026.pdf,"CP de section locale LFI, PAS budget primitif"
inst-com-kaniasso,COMMUNE,Commune de Kaniasso,203,27016000772,103024103,0,0,426547782,529571885,529571885,103024103,0,CONCORDANCE_ARITHMETIQUE_LFI_APPLICATION,NON,https://www.dgbf.ci/wp-content/uploads/2025/12/Loi-de-Finances-2026.pdf,"CP de section locale LFI, PAS budget primitif"
inst-com-karakoro,COMMUNE,Commune de karakoro,202,25016001407,106693923,0,0,426749319,533443242,533443242,106693923,0,CONCORDANCE_ARITHMETIQUE_LFI_APPLICATION,NON,https://www.dgbf.ci/wp-content/uploads/2025/12/Loi-de-Finances-2026.pdf,"CP de section locale LFI, PAS budget primitif"
inst-com-kassere,COMMUNE,Commune de Kasséré,203,26016000965,109345439,0,0,501868648,611214087,611214087,109345439,0,CONCORDANCE_ARITHMETIQUE_LFI_APPLICATION,NON,https://www.dgbf.ci/wp-content/uploads/2025/12/Loi-de-Finances-2026.pdf,"CP de section locale LFI, PAS budget primitif"
inst-com-katiola,COMMUNE,Commune de Katiola,201,18016002172,156137382,0,0,556528828,712666210,712666210,156137382,0,CONCORDANCE_ARITHMETIQUE_LFI_APPLICATION,NON,https://www.dgbf.ci/wp-content/uploads/2025/12/Loi-de-Finances-2026.pdf,"CP de section locale LFI, PAS budget primitif"
inst-com-kokumbo,COMMUNE,Commune de Kokumbo,200,11016001388,113944904,0,0,436263860,550208764,550208764,113944904,0,CONCORDANCE_ARITHMETIQUE_LFI_APPLICATION,NON,https://www.dgbf.ci/wp-content/uploads/2025/12/Loi-de-Finances-2026.pdf,"CP de section locale LFI, PAS budget primitif"
inst-com-kolia,COMMUNE,Commune de Kolia,203,26016000966,106493175,0,0,433782065,540275240,540275240,106493175,0,CONCORDANCE_ARITHMETIQUE_LFI_APPLICATION,NON,https://www.dgbf.ci/wp-content/uploads/2025/12/Loi-de-Finances-2026.pdf,"CP de section locale LFI, PAS budget primitif"
inst-com-komborodougou,COMMUNE,Commune de komborodougou,202,25016001408,104573724,0,0,399265244,503838968,525311968,104573724,21473000,ACTIVITES_NON_NOMINATIVES_A_RELIER,NON,https://www.dgbf.ci/wp-content/uploads/2025/12/Loi-de-Finances-2026.pdf,Aucun montant inventé démontré ; rapprochement des activités orphelines requis
inst-com-kong,COMMUNE,Commune de Kong,202,24016001019,113048822,0,0,509498403,622547225,622547225,113048822,0,CONCORDANCE_ARITHMETIQUE_LFI_APPLICATION,NON,https://www.dgbf.ci/wp-content/uploads/2025/12/Loi-de-Finances-2026.pdf,"CP de section locale LFI, PAS budget primitif"
inst-com-kongasso,COMMUNE,Commune de Kongasso,204,37016001171,110054705,0,0,434559740,544614445,544614445,110054705,0,CONCORDANCE_ARITHMETIQUE_LFI_APPLICATION,NON,https://www.dgbf.ci/wp-content/uploads/2025/12/Loi-de-Finances-2026.pdf,"CP de section locale LFI, PAS budget primitif"
inst-com-koonan,COMMUNE,Commune de Koonan,201,22016000762,103932218,0,0,426046800,529979018,529979018,103932218,0,CONCORDANCE_ARITHMETIQUE_LFI_APPLICATION,NON,https://www.dgbf.ci/wp-content/uploads/2025/12/Loi-de-Finances-2026.pdf,"CP de section locale LFI, PAS budget primitif"
inst-com-korhogo,COMMUNE,Commune de Korhogo,202,25016002198,353725033,0,0,1127118523,1480843556,1480843556,353725033,0,CONCORDANCE_ARITHMETIQUE_LFI_APPLICATION,NON,https://www.dgbf.ci/wp-content/uploads/2025/12/Loi-de-Finances-2026.pdf,"CP de section locale LFI, PAS budget primitif"
inst-com-koro,COMMUNE,Commune de Koro,201,22016000926,104884661,0,0,428747116,533631777,533631777,104884661,0,CONCORDANCE_ARITHMETIQUE_LFI_APPLICATION,NON,https://www.dgbf.ci/wp-content/uploads/2025/12/Loi-de-Finances-2026.pdf,"CP de section locale LFI, PAS budget primitif"
inst-com-kouassi-datekro,COMMUNE,Commune de Kouassi-datèkro,206,62016001105,107596338,0,0,425119426,532715764,532715764,107596338,0,CONCORDANCE_ARITHMETIQUE_LFI_APPLICATION,NON,https://www.dgbf.ci/wp-content/uploads/2025/12/Loi-de-Finances-2026.pdf,"CP de section locale LFI, PAS budget primitif"
inst-com-kouassi-kouassikro,COMMUNE,Commune de Kouassi-Kouassikro,200,14016000568,108872384,0,0,338019000,446891384,541581189,108872384,94689805,ACTIVITES_NON_NOMINATIVES_A_RELIER,NON,https://www.dgbf.ci/wp-content/uploads/2025/12/Loi-de-Finances-2026.pdf,Aucun montant inventé démontré ; rapprochement des activités orphelines requis
inst-com-kouibly,COMMUNE,Commune de Kouibli,205,43016000856,123095706,0,0,217447703,340543409,590543409,123095706,250000000,ACTIVITES_NON_NOMINATIVES_A_RELIER,OUI,https://www.dgbf.ci/wp-content/uploads/2025/12/Loi-de-Finances-2026.pdf,Alias documentaire à confirmer : nom source / référentiel GitHub
inst-com-koumbala,COMMUNE,Commune de Koumbala,202,24016000819,101362394,0,0,416365675,517728069,517728069,101362394,0,CONCORDANCE_ARITHMETIQUE_LFI_APPLICATION,NON,https://www.dgbf.ci/wp-content/uploads/2025/12/Loi-de-Finances-2026.pdf,"CP de section locale LFI, PAS budget primitif"
inst-com-koun-fao,COMMUNE,Commune de Koun-fao,206,62016001106,113077320,0,0,440658809,553736129,553736129,113077320,0,CONCORDANCE_ARITHMETIQUE_LFI_APPLICATION,NON,https://www.dgbf.ci/wp-content/uploads/2025/12/Loi-de-Finances-2026.pdf,"CP de section locale LFI, PAS budget primitif"
inst-com-kounahiri,COMMUNE,Commune de Kounahiri,204,37016001244,113060221,0,0,443080816,556141037,556141037,113060221,0,CONCORDANCE_ARITHMETIQUE_LFI_APPLICATION,NON,https://www.dgbf.ci/wp-content/uploads/2025/12/Loi-de-Finances-2026.pdf,"CP de section locale LFI, PAS budget primitif"
inst-com-kouto,COMMUNE,Commune de Kouto,203,26016001208,115785197,0,0,520126300,635911497,635911497,115785197,0,CONCORDANCE_ARITHMETIQUE_LFI_APPLICATION,NON,https://www.dgbf.ci/wp-content/uploads/2025/12/Loi-de-Finances-2026.pdf,"CP de section locale LFI, PAS budget primitif"
inst-com-lakota,COMMUNE,Commune de Lakota,205,51016000851,152409301,0,0,554437803,706847104,706847104,152409301,0,CONCORDANCE_ARITHMETIQUE_LFI_APPLICATION,NON,https://www.dgbf.ci/wp-content/uploads/2025/12/Loi-de-Finances-2026.pdf,"CP de section locale LFI, PAS budget primitif"
inst-com-logouale,COMMUNE,Commune de Logoualé,205,41016001615,116433036,0,0,444696259,561129295,570129295,116433036,9000000,ACTIVITES_NON_NOMINATIVES_A_RELIER,NON,https://www.dgbf.ci/wp-content/uploads/2025/12/Loi-de-Finances-2026.pdf,Aucun montant inventé démontré ; rapprochement des activités orphelines requis
inst-com-m-bahiakro,COMMUNE,Commune de M'bahiakro,200,15016000770,111566329,0,0,434826393,546392722,546392722,111566329,0,CONCORDANCE_ARITHMETIQUE_LFI_APPLICATION,NON,https://www.dgbf.ci/wp-content/uploads/2025/12/Loi-de-Finances-2026.pdf,"CP de section locale LFI, PAS budget primitif"
inst-com-m-batto,COMMUNE,Commune de M'batto,201,16016000819,134557955,0,0,492372387,626930342,626930342,134557955,0,CONCORDANCE_ARITHMETIQUE_LFI_APPLICATION,NON,https://www.dgbf.ci/wp-content/uploads/2025/12/Loi-de-Finances-2026.pdf,"CP de section locale LFI, PAS budget primitif"
inst-com-m-bengue,COMMUNE,Commune de M'bengué,202,25016001918,114234943,0,0,508129211,622364154,622364154,114234943,0,CONCORDANCE_ARITHMETIQUE_LFI_APPLICATION,NON,https://www.dgbf.ci/wp-content/uploads/2025/12/Loi-de-Finances-2026.pdf,"CP de section locale LFI, PAS budget primitif"
inst-com-madinani,COMMUNE,Commune de Madinani,202,23016002036,107299966,0,0,431343108,538643074,538643074,107299966,0,CONCORDANCE_ARITHMETIQUE_LFI_APPLICATION,NON,https://www.dgbf.ci/wp-content/uploads/2025/12/Loi-de-Finances-2026.pdf,"CP de section locale LFI, PAS budget primitif"
inst-com-mafere,COMMUNE,Commune de Maféré,206,71016001183,117327851,0,0,504864670,622192521,622192521,117327851,0,CONCORDANCE_ARITHMETIQUE_LFI_APPLICATION,NON,https://www.dgbf.ci/wp-content/uploads/2025/12/Loi-de-Finances-2026.pdf,"CP de section locale LFI, PAS budget primitif"
inst-com-man,COMMUNE,Commune de Man,204,41016001144,239282387,0,0,801992076,1041274463,1041274463,239282387,0,CONCORDANCE_ARITHMETIQUE_LFI_APPLICATION,NON,https://www.dgbf.ci/wp-content/uploads/2025/12/Loi-de-Finances-2026.pdf,"CP de section locale LFI, PAS budget primitif"
inst-com-mankono,COMMUNE,Commune de Mankono,204,37016001030,127400699,0,0,398538159,525938858,611138858,127400699,85200000,ACTIVITES_NON_NOMINATIVES_A_RELIER,NON,https://www.dgbf.ci/wp-content/uploads/2025/12/Loi-de-Finances-2026.pdf,Aucun montant inventé démontré ; rapprochement des activités orphelines requis
inst-com-massala,COMMUNE,Commune de Massala,204,36016001218,106897837,0,0,426773003,533670840,533670840,106897837,0,CONCORDANCE_ARITHMETIQUE_LFI_APPLICATION,NON,https://www.dgbf.ci/wp-content/uploads/2025/12/Loi-de-Finances-2026.pdf,"CP de section locale LFI, PAS budget primitif"
inst-com-mayo,COMMUNE,Commune de Mayo,205,56016001191,114991705,0,0,443864924,558856629,558856629,114991705,0,CONCORDANCE_ARITHMETIQUE_LFI_APPLICATION,NON,https://www.dgbf.ci/wp-content/uploads/2025/12/Loi-de-Finances-2026.pdf,"CP de section locale LFI, PAS budget primitif"
inst-com-meagui,COMMUNE,Commune de Méagui,205,56016000833,164226817,0,0,583453642,747680459,747680459,164226817,0,CONCORDANCE_ARITHMETIQUE_LFI_APPLICATION,NON,https://www.dgbf.ci/wp-content/uploads/2025/12/Loi-de-Finances-2026.pdf,"CP de section locale LFI, PAS budget primitif"
inst-com-minignan,COMMUNE,Commune de minignan,203,27016000628,105999855,0,0,494984472,600984327,600984327,105999855,0,CONCORDANCE_ARITHMETIQUE_LFI_APPLICATION,NON,https://www.dgbf.ci/wp-content/uploads/2025/12/Loi-de-Finances-2026.pdf,"CP de section locale LFI, PAS budget primitif"
inst-com-morondo,COMMUNE,Commune de Morondo,204,36016001555,105425476,0,0,422598645,528024121,528024121,105425476,0,CONCORDANCE_ARITHMETIQUE_LFI_APPLICATION,NON,https://www.dgbf.ci/wp-content/uploads/2025/12/Loi-de-Finances-2026.pdf,"CP de section locale LFI, PAS budget primitif"
inst-com-n-douci,COMMUNE,Commune de N'douci,206,76016001217,150890711,0,0,555868740,706759451,706759451,150890711,0,CONCORDANCE_ARITHMETIQUE_LFI_APPLICATION,NON,https://www.dgbf.ci/wp-content/uploads/2025/12/Loi-de-Finances-2026.pdf,"CP de section locale LFI, PAS budget primitif"
inst-com-napie,COMMUNE,Commune de Napieledougou,202,25016001405,112542837,0,0,443331842,555874679,555874679,112542837,0,CONCORDANCE_ARITHMETIQUE_LFI_APPLICATION,OUI,https://www.dgbf.ci/wp-content/uploads/2025/12/Loi-de-Finances-2026.pdf,Alias documentaire à confirmer : nom source / référentiel GitHub
inst-com-nassian,COMMUNE,Commune de Nassian,203,28016000863,111686018,0,0,452580920,564266938,564266938,111686018,0,CONCORDANCE_ARITHMETIQUE_LFI_APPLICATION,NON,https://www.dgbf.ci/wp-content/uploads/2025/12/Loi-de-Finances-2026.pdf,"CP de section locale LFI, PAS budget primitif"
inst-com-niable,COMMUNE,Commune de Niablé,206,61016000796,116151862,0,0,453650117,569801979,569801979,116151862,0,CONCORDANCE_ARITHMETIQUE_LFI_APPLICATION,NON,https://www.dgbf.ci/wp-content/uploads/2025/12/Loi-de-Finances-2026.pdf,"CP de section locale LFI, PAS budget primitif"
inst-com-niakaramadougou,COMMUNE,Commune de Niakaramadougou,201,18016001788,123456038,0,0,260678456,384134494,587328494,123456038,203194000,ACTIVITES_NON_NOMINATIVES_A_RELIER,NON,https://www.dgbf.ci/wp-content/uploads/2025/12/Loi-de-Finances-2026.pdf,Aucun montant inventé démontré ; rapprochement des activités orphelines requis
inst-com-nielle,COMMUNE,Commune de Niellé,202,24016001109,123209062,0,0,538304163,661513225,661513225,123209062,0,CONCORDANCE_ARITHMETIQUE_LFI_APPLICATION,NON,https://www.dgbf.ci/wp-content/uploads/2025/12/Loi-de-Finances-2026.pdf,"CP de section locale LFI, PAS budget primitif"
inst-com-niofoin,COMMUNE,Commune de Niofoin,202,25016001406,103881556,0,0,418775847,522657403,522657403,103881556,0,CONCORDANCE_ARITHMETIQUE_LFI_APPLICATION,NON,https://www.dgbf.ci/wp-content/uploads/2025/12/Loi-de-Finances-2026.pdf,"CP de section locale LFI, PAS budget primitif"
inst-com-odienne,COMMUNE,Commune d'Odienné,202,23016001412,149269531,0,0,550332943,699602474,699602474,149269531,0,CONCORDANCE_ARITHMETIQUE_LFI_APPLICATION,NON,https://www.dgbf.ci/wp-content/uploads/2025/12/Loi-de-Finances-2026.pdf,"CP de section locale LFI, PAS budget primitif"
inst-com-ouangolodougou,COMMUNE,Commune de Ouangolodougou,202,24016001231,138198011,0,0,580800019,718998030,718998030,138198011,0,CONCORDANCE_ARITHMETIQUE_LFI_APPLICATION,NON,https://www.dgbf.ci/wp-content/uploads/2025/12/Loi-de-Finances-2026.pdf,"CP de section locale LFI, PAS budget primitif"
inst-com-ouaninou,COMMUNE,Commune de Ouaninou,201,22016000942,109860924,0,0,432200000,542060924,552716470,109860924,10655546,ACTIVITES_NON_NOMINATIVES_A_RELIER,NON,https://www.dgbf.ci/wp-content/uploads/2025/12/Loi-de-Finances-2026.pdf,Aucun montant inventé démontré ; rapprochement des activités orphelines requis
inst-com-ouelle,COMMUNE,Commune de Ouellé,201,15016001147,114119054,0,0,442063741,556182795,556182795,114119054,0,CONCORDANCE_ARITHMETIQUE_LFI_APPLICATION,NON,https://www.dgbf.ci/wp-content/uploads/2025/12/Loi-de-Finances-2026.pdf,"CP de section locale LFI, PAS budget primitif"
inst-com-oume,COMMUNE,Commune d'Oumé,204,32016001215,141929258,0,0,523842455,665771713,665771713,141929258,0,CONCORDANCE_ARITHMETIQUE_LFI_APPLICATION,NON,https://www.dgbf.ci/wp-content/uploads/2025/12/Loi-de-Finances-2026.pdf,"CP de section locale LFI, PAS budget primitif"
inst-com-ouragahio,COMMUNE,Commune de Ouragahio,204,32016001193,125393222,0,0,476960381,602353603,602353603,125393222,0,CONCORDANCE_ARITHMETIQUE_LFI_APPLICATION,NON,https://www.dgbf.ci/wp-content/uploads/2025/12/Loi-de-Finances-2026.pdf,"CP de section locale LFI, PAS budget primitif"
inst-com-prikro,COMMUNE,Commune de Prikro,200,15016000771,113509845,0,0,440336544,553846389,553846389,113509845,0,CONCORDANCE_ARITHMETIQUE_LFI_APPLICATION,NON,https://www.dgbf.ci/wp-content/uploads/2025/12/Loi-de-Finances-2026.pdf,"CP de section locale LFI, PAS budget primitif"
inst-com-rubino,COMMUNE,Commune de Rubino,206,76016001345,109130126,0,0,437471395,546601521,546601521,109130126,0,CONCORDANCE_ARITHMETIQUE_LFI_APPLICATION,NON,https://www.dgbf.ci/wp-content/uploads/2025/12/Loi-de-Finances-2026.pdf,"CP de section locale LFI, PAS budget primitif"
inst-com-saioua,COMMUNE,Commune de Saïoua,203,31016001552,144564942,0,0,530740244,675305186,675305186,144564942,0,CONCORDANCE_ARITHMETIQUE_LFI_APPLICATION,NON,https://www.dgbf.ci/wp-content/uploads/2025/12/Loi-de-Finances-2026.pdf,"CP de section locale LFI, PAS budget primitif"
inst-com-sakassou,COMMUNE,Commune de Sakassou,201,17016001438,129208694,0,0,476120428,605329122,605329122,129208694,0,CONCORDANCE_ARITHMETIQUE_LFI_APPLICATION,NON,https://www.dgbf.ci/wp-content/uploads/2025/12/Loi-de-Finances-2026.pdf,"CP de section locale LFI, PAS budget primitif"
inst-com-samatiguila,COMMUNE,Commune de Samatiguila,202,23016002171,103661810,0,0,481028406,584690216,584690216,103661810,0,CONCORDANCE_ARITHMETIQUE_LFI_APPLICATION,NON,https://www.dgbf.ci/wp-content/uploads/2025/12/Loi-de-Finances-2026.pdf,"CP de section locale LFI, PAS budget primitif"
inst-com-san-pedro,COMMUNE,Commune de San-Pedro,205,55016000752,301845372,0,0,1033940399,1335785771,1335785771,301845372,0,CONCORDANCE_ARITHMETIQUE_LFI_APPLICATION,NON,https://www.dgbf.ci/wp-content/uploads/2025/12/Loi-de-Finances-2026.pdf,"CP de section locale LFI, PAS budget primitif"
inst-com-sandegue,COMMUNE,Commune de Sangégué,206,62016001577,105151902,0,0,32500000,137651902,523340997,105151902,385689095,ACTIVITES_NON_NOMINATIVES_A_RELIER,OUI,https://www.dgbf.ci/wp-content/uploads/2025/12/Loi-de-Finances-2026.pdf,Alias documentaire à confirmer : nom source / référentiel GitHub
inst-com-sangouine,COMMUNE,Commune de Sangouine,204,41016001145,125192474,0,0,478530544,603723018,603723018,125192474,0,CONCORDANCE_ARITHMETIQUE_LFI_APPLICATION,NON,https://www.dgbf.ci/wp-content/uploads/2025/12/Loi-de-Finances-2026.pdf,"CP de section locale LFI, PAS budget primitif"
inst-com-sarhala,COMMUNE,Commune de Sarhala,204,37016000826,108870484,0,0,431202300,540072784,540072784,108870484,0,CONCORDANCE_ARITHMETIQUE_LFI_APPLICATION,NON,https://www.dgbf.ci/wp-content/uploads/2025/12/Loi-de-Finances-2026.pdf,"CP de section locale LFI, PAS budget primitif"
inst-com-sassandra,COMMUNE,Commune de Sassandra,206,57016000417,136210166,0,0,567977447,704187613,704187613,136210166,0,CONCORDANCE_ARITHMETIQUE_LFI_APPLICATION,NON,https://www.dgbf.ci/wp-content/uploads/2025/12/Loi-de-Finances-2026.pdf,"CP de section locale LFI, PAS budget primitif"
inst-com-satama-sokoro,COMMUNE,Commune de Satama-Sokoro,201,18016001960,103966414,0,0,408616531,512582945,512582945,103966414,0,CONCORDANCE_ARITHMETIQUE_LFI_APPLICATION,NON,https://www.dgbf.ci/wp-content/uploads/2025/12/Loi-de-Finances-2026.pdf,"CP de section locale LFI, PAS budget primitif"
inst-com-satama-sokoura,COMMUNE,Commune de Satama-Sokoura,201,18016002080,102724565,0,0,405095708,507820273,507820273,102724565,0,CONCORDANCE_ARITHMETIQUE_LFI_APPLICATION,NON,https://www.dgbf.ci/wp-content/uploads/2025/12/Loi-de-Finances-2026.pdf,"CP de section locale LFI, PAS budget primitif"
inst-com-seguela,COMMUNE,Commune de Séguéla,202,23016001980,145592112,0,0,536476912,682069024,682069024,145592112,0,CONCORDANCE_ARITHMETIQUE_LFI_APPLICATION,NON,https://www.dgbf.ci/wp-content/uploads/2025/12/Loi-de-Finances-2026.pdf,"CP de section locale LFI, PAS budget primitif"
inst-com-seguelon,COMMUNE,Commune de Séguélon,202,23016001911,104574357,0,0,483615610,588189967,588189967,104574357,0,CONCORDANCE_ARITHMETIQUE_LFI_APPLICATION,NON,https://www.dgbf.ci/wp-content/uploads/2025/12/Loi-de-Finances-2026.pdf,"CP de section locale LFI, PAS budget primitif"
inst-com-seydougou,COMMUNE,Commune de Seydougou,202,23016001414,103288812,0,0,299970902,403259714,583259714,103288812,180000000,ACTIVITES_NON_NOMINATIVES_A_RELIER,NON,https://www.dgbf.ci/wp-content/uploads/2025/12/Loi-de-Finances-2026.pdf,Aucun montant inventé démontré ; rapprochement des activités orphelines requis
inst-com-sifie,COMMUNE,Commune de Sifié,204,36016000985,115434997,0,0,435977094,551412091,566412091,115434997,15000000,ACTIVITES_NON_NOMINATIVES_A_RELIER,NON,https://www.dgbf.ci/wp-content/uploads/2025/12/Loi-de-Finances-2026.pdf,Aucun montant inventé démontré ; rapprochement des activités orphelines requis
inst-com-sikensi,COMMUNE,Commune de Sikensi,206,76016001317,151167452,0,0,556653340,707820792,707820792,151167452,0,CONCORDANCE_ARITHMETIQUE_LFI_APPLICATION,NON,https://www.dgbf.ci/wp-content/uploads/2025/12/Loi-de-Finances-2026.pdf,"CP de section locale LFI, PAS budget primitif"
inst-com-sinematiali,COMMUNE,Commune de Sinématiali,202,25016002138,127734434,0,0,486402234,614136668,614136668,127734434,0,CONCORDANCE_ARITHMETIQUE_LFI_APPLICATION,NON,https://www.dgbf.ci/wp-content/uploads/2025/12/Loi-de-Finances-2026.pdf,"CP de section locale LFI, PAS budget primitif"
inst-com-sinfra,COMMUNE,Commune de Sinfra,204,35016000736,161073748,0,0,581131433,742205181,742205181,161073748,0,CONCORDANCE_ARITHMETIQUE_LFI_APPLICATION,NON,https://www.dgbf.ci/wp-content/uploads/2025/12/Loi-de-Finances-2026.pdf,"CP de section locale LFI, PAS budget primitif"
inst-com-sipilou,COMMUNE,Commune de Sipilou,204,41016001414,107652066,0,0,428800930,536452996,536452996,107652066,0,CONCORDANCE_ARITHMETIQUE_LFI_APPLICATION,NON,https://www.dgbf.ci/wp-content/uploads/2025/12/Loi-de-Finances-2026.pdf,"CP de section locale LFI, PAS budget primitif"
inst-com-sirasso,COMMUNE,Commune de Sirasso,202,25016001730,105142403,0,0,422350534,527492937,527492937,105142403,0,CONCORDANCE_ARITHMETIQUE_LFI_APPLICATION,NON,https://www.dgbf.ci/wp-content/uploads/2025/12/Loi-de-Finances-2026.pdf,"CP de section locale LFI, PAS budget primitif"
inst-com-songon,COMMUNE,Commune de Songon,207,78016001401,149054851,0,0,580677382,729732233,729732233,149054851,0,CONCORDANCE_ARITHMETIQUE_LFI_APPLICATION,NON,https://www.dgbf.ci/wp-content/uploads/2025/12/Loi-de-Finances-2026.pdf,"CP de section locale LFI, PAS budget primitif"
inst-com-soubre,COMMUNE,Commune de Soubré,205,56016001022,231867388,0,0,775224521,1007091909,1007091909,231867388,0,CONCORDANCE_ARITHMETIQUE_LFI_APPLICATION,NON,https://www.dgbf.ci/wp-content/uploads/2025/12/Loi-de-Finances-2026.pdf,"CP de section locale LFI, PAS budget primitif"
inst-com-taabo,COMMUNE,Commune de de Taabo,206,76016000991,117280356,0,0,460578484,577858840,577858840,117280356,0,CONCORDANCE_ARITHMETIQUE_LFI_APPLICATION,NON,https://www.dgbf.ci/wp-content/uploads/2025/12/Loi-de-Finances-2026.pdf,"CP de section locale LFI, PAS budget primitif"
inst-com-tabou,COMMUNE,Commune de Tabou,205,55016000753,125441984,0,0,533811082,659253066,659253066,125441984,0,CONCORDANCE_ARITHMETIQUE_LFI_APPLICATION,NON,https://www.dgbf.ci/wp-content/uploads/2025/12/Loi-de-Finances-2026.pdf,"CP de section locale LFI, PAS budget primitif"
inst-com-tafire,COMMUNE,Commune de Tafiré,201,18016002242,116846563,0,0,389633631,506480194,561980194,116846563,55500000,ACTIVITES_NON_NOMINATIVES_A_RELIER,NON,https://www.dgbf.ci/wp-content/uploads/2025/12/Loi-de-Finances-2026.pdf,Aucun montant inventé démontré ; rapprochement des activités orphelines requis
inst-com-tai,COMMUNE,Commune de Taï,205,42016000649,114103856,0,0,447008265,561112121,561112121,114103856,0,CONCORDANCE_ARITHMETIQUE_LFI_APPLICATION,NON,https://www.dgbf.ci/wp-content/uploads/2025/12/Loi-de-Finances-2026.pdf,"CP de section locale LFI, PAS budget primitif"
inst-com-tanda,COMMUNE,Commune de Tanda,206,62016001107,125414753,0,0,475637231,601051984,601051984,125414753,0,CONCORDANCE_ARITHMETIQUE_LFI_APPLICATION,NON,https://www.dgbf.ci/wp-content/uploads/2025/12/Loi-de-Finances-2026.pdf,"CP de section locale LFI, PAS budget primitif"
inst-com-tehini,COMMUNE,Commune de Téhini,203,28016000794,106975097,0,0,499224772,606199869,606199869,106975097,0,CONCORDANCE_ARITHMETIQUE_LFI_APPLICATION,NON,https://www.dgbf.ci/wp-content/uploads/2025/12/Loi-de-Finances-2026.pdf,"CP de section locale LFI, PAS budget primitif"
inst-com-tengrela,COMMUNE,Commune de Tengréla,203,26016001309,138785056,0,0,585334252,724119308,724119308,138785056,0,CONCORDANCE_ARITHMETIQUE_LFI_APPLICATION,NON,https://www.dgbf.ci/wp-content/uploads/2025/12/Loi-de-Finances-2026.pdf,"CP de section locale LFI, PAS budget primitif"
inst-com-tiapoum,COMMUNE,Commune de Tiapoum,206,71016001184,115130392,0,0,498634554,613764946,613764946,115130392,0,CONCORDANCE_ARITHMETIQUE_LFI_APPLICATION,NON,https://www.dgbf.ci/wp-content/uploads/2025/12/Loi-de-Finances-2026.pdf,"CP de section locale LFI, PAS budget primitif"
inst-com-tiassale,COMMUNE,Commune de de Tiassalé,206,76016000992,127904151,0,0,490698492,618602643,618602643,127904151,0,CONCORDANCE_ARITHMETIQUE_LFI_APPLICATION,NON,https://www.dgbf.ci/wp-content/uploads/2025/12/Loi-de-Finances-2026.pdf,"CP de section locale LFI, PAS budget primitif"
inst-com-tie-n-diekro,COMMUNE,Commune de Tié n'diékro,200,11016002165,105319086,0,0,396808409,502127495,517127495,105319086,15000000,ACTIVITES_NON_NOMINATIVES_A_RELIER,NON,https://www.dgbf.ci/wp-content/uploads/2025/12/Loi-de-Finances-2026.pdf,Aucun montant inventé démontré ; rapprochement des activités orphelines requis
inst-com-tiebissou,COMMUNE,Commune de Tiebissou,200,11016001716,123668818,0,0,463832573,587501391,587501391,123668818,0,CONCORDANCE_ARITHMETIQUE_LFI_APPLICATION,NON,https://www.dgbf.ci/wp-content/uploads/2025/12/Loi-de-Finances-2026.pdf,"CP de section locale LFI, PAS budget primitif"
inst-com-tieme,COMMUNE,Commune de Tiémé,202,23016001700,106110678,0,0,427971305,534081983,534081983,106110678,0,CONCORDANCE_ARITHMETIQUE_LFI_APPLICATION,NON,https://www.dgbf.ci/wp-content/uploads/2025/12/Loi-de-Finances-2026.pdf,"CP de section locale LFI, PAS budget primitif"
inst-com-tiemelekro,COMMUNE,Commune de Tiémélekro,201,16016001120,109927417,0,0,422541222,532468639,532468639,109927417,0,CONCORDANCE_ARITHMETIQUE_LFI_APPLICATION,NON,https://www.dgbf.ci/wp-content/uploads/2025/12/Loi-de-Finances-2026.pdf,"CP de section locale LFI, PAS budget primitif"
inst-com-tieningboue,COMMUNE,Commune de Tiéningboué,204,37016001178,111079342,0,0,437464734,548544076,548544076,111079342,0,CONCORDANCE_ARITHMETIQUE_LFI_APPLICATION,NON,https://www.dgbf.ci/wp-content/uploads/2025/12/Loi-de-Finances-2026.pdf,"CP de section locale LFI, PAS budget primitif"
inst-com-tienko,COMMUNE,Commune de Tienko,203,27016000629,106428582,0,0,496199974,602628556,602628556,106428582,0,CONCORDANCE_ARITHMETIQUE_LFI_APPLICATION,NON,https://www.dgbf.ci/wp-content/uploads/2025/12/Loi-de-Finances-2026.pdf,"CP de section locale LFI, PAS budget primitif"
inst-com-tioroniaradougou,COMMUNE,Commune de Tioroniaradougou,202,25016001760,108543082,0,0,431991953,540535035,540535035,108543082,0,CONCORDANCE_ARITHMETIQUE_LFI_APPLICATION,NON,https://www.dgbf.ci/wp-content/uploads/2025/12/Loi-de-Finances-2026.pdf,"CP de section locale LFI, PAS budget primitif"
inst-com-tortiya,COMMUNE,Commune de Tortiya,201,18016002166,113461083,0,0,435535302,548996385,548996385,113461083,0,CONCORDANCE_ARITHMETIQUE_LFI_APPLICATION,NON,https://www.dgbf.ci/wp-content/uploads/2025/12/Loi-de-Finances-2026.pdf,"CP de section locale LFI, PAS budget primitif"
inst-com-touba,COMMUNE,Commune de Touba,201,22016000761,125467948,0,0,487103735,612571683,612571683,125467948,0,CONCORDANCE_ARITHMETIQUE_LFI_APPLICATION,NON,https://www.dgbf.ci/wp-content/uploads/2025/12/Loi-de-Finances-2026.pdf,"CP de section locale LFI, PAS budget primitif"
inst-com-toulepleu,COMMUNE,Commune de Toulepleu,205,42016000650,116089168,0,0,452636914,568726082,568726082,116089168,0,CONCORDANCE_ARITHMETIQUE_LFI_APPLICATION,NON,https://www.dgbf.ci/wp-content/uploads/2025/12/Loi-de-Finances-2026.pdf,"CP de section locale LFI, PAS budget primitif"
inst-com-toumodi,COMMUNE,Commune de Toumodi,200,11016002099,146540756,0,0,528677850,675218606,675218606,146540756,0,CONCORDANCE_ARITHMETIQUE_LFI_APPLICATION,NON,https://www.dgbf.ci/wp-content/uploads/2025/12/Loi-de-Finances-2026.pdf,"CP de section locale LFI, PAS budget primitif"
inst-com-transua,COMMUNE,Commune de Transua,206,62016001516,120924844,0,0,462907685,583832529,583832529,120924844,0,CONCORDANCE_ARITHMETIQUE_LFI_APPLICATION,NON,https://www.dgbf.ci/wp-content/uploads/2025/12/Loi-de-Finances-2026.pdf,"CP de section locale LFI, PAS budget primitif"
inst-com-vavoua,COMMUNE,Commune de Vavoua,203,31016001056,160944560,0,0,577178849,738123409,738123409,160944560,0,CONCORDANCE_ARITHMETIQUE_LFI_APPLICATION,NON,https://www.dgbf.ci/wp-content/uploads/2025/12/Loi-de-Finances-2026.pdf,"CP de section locale LFI, PAS budget primitif"
inst-com-worofla,COMMUNE,Commune de worofla,204,36016001339,107407622,0,0,428218318,535625940,535625940,107407622,0,CONCORDANCE_ARITHMETIQUE_LFI_APPLICATION,NON,https://www.dgbf.ci/wp-content/uploads/2025/12/Loi-de-Finances-2026.pdf,"CP de section locale LFI, PAS budget primitif"
inst-com-yakasse-attobrou,COMMUNE,Commune de Yakasse-attobrou,207,77016000885,139463291,0,0,514216203,653679494,653679494,139463291,0,CONCORDANCE_ARITHMETIQUE_LFI_APPLICATION,NON,https://www.dgbf.ci/wp-content/uploads/2025/12/Loi-de-Finances-2026.pdf,"CP de section locale LFI, PAS budget primitif"
inst-com-yamoussoukro,COMMUNE,Commune de Yamoussoukro,200,11016001387,1000000000,0,0,996910448,1996910448,1996910448,1000000000,0,CONCORDANCE_ARITHMETIQUE_LFI_APPLICATION,NON,https://www.dgbf.ci/wp-content/uploads/2025/12/Loi-de-Finances-2026.pdf,"CP de section locale LFI, PAS budget primitif"
inst-com-zikisso,COMMUNE,Commune de Zikisso,205,51016001210,106241766,0,0,423546113,529787879,529787879,106241766,0,CONCORDANCE_ARITHMETIQUE_LFI_APPLICATION,NON,https://www.dgbf.ci/wp-content/uploads/2025/12/Loi-de-Finances-2026.pdf,"CP de section locale LFI, PAS budget primitif"
inst-com-zouan-hounien,COMMUNE,Commune de Zouan-hounien,204,41016001146,145174785,0,0,535183307,680358092,680358092,145174785,0,CONCORDANCE_ARITHMETIQUE_LFI_APPLICATION,NON,https://www.dgbf.ci/wp-content/uploads/2025/12/Loi-de-Finances-2026.pdf,"CP de section locale LFI, PAS budget primitif"
inst-com-zoukougbeu,COMMUNE,Commune de Zoukougbeu,203,31016001498,120358065,0,0,462110217,582468282,582468282,120358065,0,CONCORDANCE_ARITHMETIQUE_LFI_APPLICATION,NON,https://www.dgbf.ci/wp-content/uploads/2025/12/Loi-de-Finances-2026.pdf,"CP de section locale LFI, PAS budget primitif"
inst-com-zuenoula,COMMUNE,Commune de Zuénoula,204,35016000982,129577893,0,0,491836092,621413985,621413985,129577893,0,CONCORDANCE_ARITHMETIQUE_LFI_APPLICATION,NON,https://www.dgbf.ci/wp-content/uploads/2025/12/Loi-de-Finances-2026.pdf,"CP de section locale LFI, PAS budget primitif"
inst-reg-conseil-regional-de-l-agneby-tiassa,REGION,Conseil Régional de l'Agneby-tiassa,206,76016001340,339774414,204343802,0,2270969980,2815088196,2872388196,,57300000,ACTIVITES_NON_NOMINATIVES_A_RELIER,NON,https://www.dgbf.ci/wp-content/uploads/2025/12/Loi-de-Finances-2026.pdf,Aucun montant inventé démontré ; rapprochement des activités orphelines requis
inst-reg-conseil-regional-de-l-iffou,REGION,Conseil Régional de l'Iffou,200,15016001034,283617482,204343802,0,2027507132,2515468416,2515468416,,0,CONCORDANCE_ARITHMETIQUE_LFI_APPLICATION,NON,https://www.dgbf.ci/wp-content/uploads/2025/12/Loi-de-Finances-2026.pdf,"CP de section locale LFI, PAS budget primitif"
inst-reg-conseil-regional-de-l-indenie-djuablin,REGION,Conseil Régional de l'Indénié djuablin,206,61016000646,322548182,204343802,0,2228669866,2755561850,2755561850,,0,CONCORDANCE_ARITHMETIQUE_LFI_APPLICATION,NON,https://www.dgbf.ci/wp-content/uploads/2025/12/Loi-de-Finances-2026.pdf,"CP de section locale LFI, PAS budget primitif"
inst-reg-conseil-regional-de-la-bagoue,REGION,Conseil Régional de la Bagoué,203,26016001426,299440572,204343802,600000000,2210092221,3313876595,3313876595,,0,CONCORDANCE_ARITHMETIQUE_LFI_APPLICATION,NON,https://www.dgbf.ci/wp-content/uploads/2025/12/Loi-de-Finances-2026.pdf,"CP de section locale LFI, PAS budget primitif"
inst-reg-conseil-regional-de-la-marahoue,REGION,Conseil Régional de la Marahoué,204,35016000735,353051038,306515703,0,2320472867,2980039608,3005039608,,25000000,ACTIVITES_NON_NOMINATIVES_A_RELIER,NON,https://www.dgbf.ci/wp-content/uploads/2025/12/Loi-de-Finances-2026.pdf,Aucun montant inventé démontré ; rapprochement des activités orphelines requis
inst-reg-conseil-regional-de-la-me,REGION,Conseil Régional de la Mé,207,77016001395,323725955,204343802,0,2152364764,2680434521,2710434521,,30000000,ACTIVITES_NON_NOMINATIVES_A_RELIER,NON,https://www.dgbf.ci/wp-content/uploads/2025/12/Loi-de-Finances-2026.pdf,Aucun montant inventé démontré ; rapprochement des activités orphelines requis
inst-reg-conseil-regional-de-la-nawa,REGION,Conseil Régional de la Nawa,205,56016001264,374285064,102171901,0,2365201275,2841658240,2841658240,,0,CONCORDANCE_ARITHMETIQUE_LFI_APPLICATION,NON,https://www.dgbf.ci/wp-content/uploads/2025/12/Loi-de-Finances-2026.pdf,"CP de section locale LFI, PAS budget primitif"
inst-reg-conseil-regional-de-san-pedro,REGION,Conseil Régional de San-pédro,205,55016000750,362216056,204343802,0,2382349816,2948909674,2948909674,,0,CONCORDANCE_ARITHMETIQUE_LFI_APPLICATION,NON,https://www.dgbf.ci/wp-content/uploads/2025/12/Loi-de-Finances-2026.pdf,"CP de section locale LFI, PAS budget primitif"
inst-reg-conseil-regional-des-grands-ponts,REGION,Conseil Régional des Grands Ponts,207,79016000657,291849567,306515703,0,2180907626,2779272896,2779272896,,0,CONCORDANCE_ARITHMETIQUE_LFI_APPLICATION,NON,https://www.dgbf.ci/wp-content/uploads/2025/12/Loi-de-Finances-2026.pdf,"CP de section locale LFI, PAS budget primitif"
inst-reg-conseil-regional-du-bafing,REGION,Conseil Régional du Bafing,205,55016000749,270285437,102171901,0,2095153733,2467611071,2467611071,,0,CONCORDANCE_ARITHMETIQUE_LFI_APPLICATION,NON,https://www.dgbf.ci/wp-content/uploads/2025/12/Loi-de-Finances-2026.pdf,"CP de section locale LFI, PAS budget primitif"
inst-reg-conseil-regional-du-belier,REGION,Conseil Régional du Bélier,200,11016002144,287884405,204343802,0,1994931447,2487159654,2487159654,,0,CONCORDANCE_ARITHMETIQUE_LFI_APPLICATION,NON,https://www.dgbf.ci/wp-content/uploads/2025/12/Loi-de-Finances-2026.pdf,"CP de section locale LFI, PAS budget primitif"
inst-reg-conseil-regional-du-bere,REGION,Conseil Régional du Béré,204,37016001275,296705377,102171901,0,2114077406,2512954684,2512954684,,0,CONCORDANCE_ARITHMETIQUE_LFI_APPLICATION,NON,https://www.dgbf.ci/wp-content/uploads/2025/12/Loi-de-Finances-2026.pdf,"CP de section locale LFI, PAS budget primitif"
inst-reg-conseil-regional-du-bounkani,REGION,Conseil Régional du BounKani,203,28016000792,289202976,102171901,600000000,2208722397,3200097274,3200097274,,0,CONCORDANCE_ARITHMETIQUE_LFI_APPLICATION,NON,https://www.dgbf.ci/wp-content/uploads/2025/12/Loi-de-Finances-2026.pdf,"CP de section locale LFI, PAS budget primitif"
inst-reg-conseil-regional-du-cavally,REGION,Conseil Régional du Cavally,205,42016000648,321603152,204343802,0,2217408484,2743355438,2743355438,,0,CONCORDANCE_ARITHMETIQUE_LFI_APPLICATION,NON,https://www.dgbf.ci/wp-content/uploads/2025/12/Loi-de-Finances-2026.pdf,"CP de section locale LFI, PAS budget primitif"
inst-reg-conseil-regional-du-folon,REGION,Conseil Régional du Folon,203,27016000949,256846125,100000000,600000000,2072444395,3029290520,3029290520,,0,CONCORDANCE_ARITHMETIQUE_LFI_APPLICATION,NON,https://www.dgbf.ci/wp-content/uploads/2025/12/Loi-de-Finances-2026.pdf,"CP de section locale LFI, PAS budget primitif"
inst-reg-conseil-regional-du-gbeke,REGION,Conseil Régional du Gbêkê,201,17016001433,395880419,306515703,0,2373117947,3075514069,3075514069,,0,CONCORDANCE_ARITHMETIQUE_LFI_APPLICATION,NON,https://www.dgbf.ci/wp-content/uploads/2025/12/Loi-de-Finances-2026.pdf,"CP de section locale LFI, PAS budget primitif"
inst-reg-conseil-regional-du-gbokle,REGION,Conseil Régional du Gboklé,205,57016000416,293113871,100000000,0,2153684895,2546798766,2546798766,,0,CONCORDANCE_ARITHMETIQUE_LFI_APPLICATION,NON,https://www.dgbf.ci/wp-content/uploads/2025/12/Loi-de-Finances-2026.pdf,"CP de section locale LFI, PAS budget primitif"
inst-reg-conseil-regional-du-goh,REGION,Conseil Régional du Goh,203,32016000784,353523668,204343802,0,2319591731,2877459201,2877459201,,0,CONCORDANCE_ARITHMETIQUE_LFI_APPLICATION,NON,https://www.dgbf.ci/wp-content/uploads/2025/12/Loi-de-Finances-2026.pdf,"CP de section locale LFI, PAS budget primitif"
inst-reg-conseil-regional-du-gontougo,REGION,Conseil Régional de Gontougo,206,62016001104,345751654,204343802,0,2277394999,2827490455,2827490455,,0,CONCORDANCE_ARITHMETIQUE_LFI_APPLICATION,NON,https://www.dgbf.ci/wp-content/uploads/2025/12/Loi-de-Finances-2026.pdf,"CP de section locale LFI, PAS budget primitif"
inst-reg-conseil-regional-du-guemon,REGION,Conseil Régional du Guémon,205,43016000922,347254692,102171901,0,2268257964,2717684557,2717684557,,0,CONCORDANCE_ARITHMETIQUE_LFI_APPLICATION,NON,https://www.dgbf.ci/wp-content/uploads/2025/12/Loi-de-Finances-2026.pdf,"CP de section locale LFI, PAS budget primitif"
inst-reg-conseil-regional-du-hambol,REGION,Conseil Régional du Hambol,201,18016001959,310517656,204343802,0,2086683205,2601544663,2601544663,,0,CONCORDANCE_ARITHMETIQUE_LFI_APPLICATION,NON,https://www.dgbf.ci/wp-content/uploads/2025/12/Loi-de-Finances-2026.pdf,"CP de section locale LFI, PAS budget primitif"
inst-reg-conseil-regional-du-haut-sassandra,REGION,Conseil Régional du Haut Sassandra,203,31016001440,440446964,306515703,0,2643986721,3390949388,3390949388,,0,CONCORDANCE_ARITHMETIQUE_LFI_APPLICATION,NON,https://www.dgbf.ci/wp-content/uploads/2025/12/Loi-de-Finances-2026.pdf,"CP de section locale LFI, PAS budget primitif"
inst-reg-conseil-regional-du-kabadougou,REGION,Conseil Régional du Kabadougou,202,23016001409,273391293,102171901,0,2067863402,2443426596,2443426596,,0,CONCORDANCE_ARITHMETIQUE_LFI_APPLICATION,NON,https://www.dgbf.ci/wp-content/uploads/2025/12/Loi-de-Finances-2026.pdf,"CP de section locale LFI, PAS budget primitif"
inst-reg-conseil-regional-du-loh-djiboua,REGION,Conseil Régional du Loh-djiboua,205,51016000850,367105278,204343802,0,2395216219,2966665299,3010665299,,44000000,ACTIVITES_NON_NOMINATIVES_A_RELIER,NON,https://www.dgbf.ci/wp-content/uploads/2025/12/Loi-de-Finances-2026.pdf,Aucun montant inventé démontré ; rapprochement des activités orphelines requis
inst-reg-conseil-regional-du-moronou,REGION,Conseil Régional du Moronou,201,16016000818,290668337,102171901,0,1984056641,2376896879,2376896879,,0,CONCORDANCE_ARITHMETIQUE_LFI_APPLICATION,NON,https://www.dgbf.ci/wp-content/uploads/2025/12/Loi-de-Finances-2026.pdf,"CP de section locale LFI, PAS budget primitif"
inst-reg-conseil-regional-du-n-zi,REGION,Conseil Régional du N'zi,200,14016000562,269337527,204343802,0,2024072576,2497753905,2497753905,,0,CONCORDANCE_ARITHMETIQUE_LFI_APPLICATION,NON,https://www.dgbf.ci/wp-content/uploads/2025/12/Loi-de-Finances-2026.pdf,"CP de section locale LFI, PAS budget primitif"
inst-reg-conseil-regional-du-poro,REGION,Conseil Régional du Poro,203,25016002252,359881363,102171901,600000000,2369472765,3431526029,3431526029,,0,CONCORDANCE_ARITHMETIQUE_LFI_APPLICATION,NON,https://www.dgbf.ci/wp-content/uploads/2025/12/Loi-de-Finances-2026.pdf,"CP de section locale LFI, PAS budget primitif"
inst-reg-conseil-regional-du-sud-comoe,REGION,Conseil Régional du Sud-comoé,206,71016001420,330434954,306515703,0,2207213804,2844164461,2844164461,,0,CONCORDANCE_ARITHMETIQUE_LFI_APPLICATION,NON,https://www.dgbf.ci/wp-content/uploads/2025/12/Loi-de-Finances-2026.pdf,"CP de section locale LFI, PAS budget primitif"
inst-reg-conseil-regional-du-tchologo,REGION,Conseil Régional du Tchologo,202,24016001099,309487018,102171901,600000000,2088347927,3100006846,3233482846,,133476000,ACTIVITES_NON_NOMINATIVES_A_RELIER,NON,https://www.dgbf.ci/wp-content/uploads/2025/12/Loi-de-Finances-2026.pdf,Aucun montant inventé démontré ; rapprochement des activités orphelines requis
inst-reg-conseil-regional-du-tonkpi,REGION,Conseil Régional du Tonkpi,204,41016001412,399914137,306515703,600000000,2515196709,3821626549,3821626549,,0,CONCORDANCE_ARITHMETIQUE_LFI_APPLICATION,NON,https://www.dgbf.ci/wp-content/uploads/2025/12/Loi-de-Finances-2026.pdf,"CP de section locale LFI, PAS budget primitif"
inst-reg-conseil-regional-du-worodougou,REGION,Conseil Régional du Worodougou,204,36016001217,289522710,102171901,0,2097526567,2489221178,2489221178,,0,CONCORDANCE_ARITHMETIQUE_LFI_APPLICATION,NON,https://www.dgbf.ci/wp-content/uploads/2025/12/Loi-de-Finances-2026.pdf,"CP de section locale LFI, PAS budget primitif"
inst-reg-district-autonome-d-abidjan,DISTRICT,district autonome d'Abidjan,207,78016001719,3000000000,0,400000000,0,3400000000,3400000000,3400000000,0,CONCORDANCE_ARITHMETIQUE_LFI_APPLICATION,NON,https://www.dgbf.ci/wp-content/uploads/2025/12/Loi-de-Finances-2026.pdf,"CP de section locale LFI, PAS budget primitif"
inst-reg-district-autonome-de-yamoussoukro,DISTRICT,district de Yamoussoukro,200,11016001699,1585000000,485316543,0,1500000000,3570316543,3570316543,2070316543,0,CONCORDANCE_ARITHMETIQUE_LFI_APPLICATION,NON,https://www.dgbf.ci/wp-content/uploads/2025/12/Loi-de-Finances-2026.pdf,"CP de section locale LFI, PAS budget primitif"
